"filename","type","records_approx","date_range","description","primary_source","notes"
"01_source_term_REAL.csv","source_term","20_isotopes","1986-04-26 to 1986-05-05","Full 20-isotope radionuclide release inventory with PBq values half-lives and percent of core","UNSCEAR 2008 Table A1; OECD-NEA Ch.II Table 1","Authoritative source term; I-131=1760PBq Cs-137=85PBq Xe-133=6500PBq"
"03_european_airborne_REAL.csv","measurements","2051_rows","1986-04-27 to 1986-08-04","Real airborne measurements I-131 Cs-134 Cs-137 (Bq/m3) from 16 European countries; raw data from monitoring network","Anderson-FM GitHub (original: French IRSN/European network)","Largest raw measurement dataset in project; 16 countries; CR line endings fixed"
"european_deposition_REAL.csv","deposition","29_rows","1986-post","Cs-137 deposition by location (kBq/m2) plus daily I-131 release schedule 26Apr-5May 1986","OECD-NEA Ch.II; JRC Cs-137 Atlas 1998","Includes Bryansk hotspot (5000 kBq/m2) to Portugal minimum (0.02 kBq/m2)"
"unscear_population_doses_REAL.csv","doses","21_rows","1986-2005","Population dose tables from UNSCEAR 2008 Table B19; all exposure groups from workers to distant countries","UNSCEAR 2008 Annex D Table B19","530000 workers avg 117mSv; 115000 evacuees avg 490mGy thyroid; 500M distant avg 0.3mSv"
"unscear_liquidator_doses_REAL.csv","doses","54_rows","1986-1991","Liquidator external dose distributions by country (Belarus Russia Ukraine Lithuania) and year 1986-1991","UNSCEAR 2008 pp.82-84","219 workers received >1000 mGy; 305826 workers in 1986 with avg 146 mGy"
"unscear_evacuee_thyroid_doses_REAL.csv","doses","41_rows","1986","Evacuee thyroid dose distributions by age group (0-6 7-14 15-17 adult) and country","UNSCEAR 2008 Table B5","26% of Belarus pre-school evacuees received >5 Gy thyroid dose; 114511 total evacuees"
"thyroid_cancer_timeseries_REAL.csv","health","25_rows","1986-2015","Belarus annual thyroid cancer cases 1986-1995 plus cohort totals 1991-2015; dose-response estimates","UNSCEAR 2008 Annex D; PMC11252555","Peak Belarus 1994: 96 cases/yr; 19233 total three-country cases 1991-2015"
"thyroid_cancer_by_period_REAL.csv","health","195_rows","1982-2015","Complete UNSCEAR 2017 5-year period incidence data by country age group and sex; Belarus Russia Ukraine","UNSCEAR 2017 White Paper (Annex Table D11 update)","Most comprehensive thyroid cancer dataset; 7 periods x 4 age groups x 2 sexes x 3 countries"
"cez_soil_radionuclides_2016_REAL.csv","contamination","28_rows","2016","CEZ soil radionuclide concentrations (Bq/kg DM) by habitat (Coniferous/Deciduous/Red Forest); Cs-137 Sr-90 Am-241 Pu-238 Pu-239+240; dose rates to soil organisms","Beresford et al. 2022 PLOS ONE doi:10.1371/journal.pone.0263600","Red Forest Cs-137 mean 412000 Bq/kg; 53 study plots across 18 sites"
"ru106_2017_europe_REAL.csv","contamination","25_rows","2017-09 to 2017-10","Ru-106 2017 European detection event; air concentrations by country; deposition; source reconstruction; dose assessment","PNAS 2019; Nature Comms 2020; ScienceDirect 2018","Romania max 176 mBq/m3; reconstructed release ~250 TBq on 26 Sept 2017; Mayak facility probable source"
"groundwater_timeseries_REAL.csv","groundwater","31_rows","1986-2022","Sr-90 and Cs-137 in Pripyat River and CEZ groundwater monitoring wells 1986-2022; cooling pond drawdown effects","Bugai 2022 Scientific Reports; PMC7299996; ScienceDirect 2023","Sr-90 Pripyat peak 12200 Bq/L (1991 flood); 2019 groundwater 100-100000 Bq/m3 range"
"wildfire_resuspension_REAL.csv","environmental","30_rows","2015-2022","Wildfire radionuclide resuspension data for 2015 and 2020 fires; atmospheric release totals; river concentrations pre/post fire","Evangeliou 2016 Scientific Reports; PMC11580172","2020 fire: 630 GBq Cs-137 atmospheric + Sr-90 dissolved in river peaked to 11 Bq/L (May 2021)"
"modern_monitoring_REAL.csv","monitoring","50_rows","2016-2026","CEZ dose rates and soil concentrations 2016-2026; BfS 2021 remapping; NSC/shelter status; 2022 invasion effects; 2025 NSC drone strike; neutron monitoring Room 305/2; real-time 2026 measurements","BfS 2022; Beresford 2022; NEA/CRPPH/R(2024)3; ISPNPP; SaveEcoBot 2026","Dose rates 0.06-237 µSv/h by habitat; invasion caused 70x spike; neutron flux stable since 2022; Feb 2025 NSC drone strike; Oct 2025 NSC power loss"
"liquidator_health_outcomes_REAL.csv","health","20_rows","1986-2014","Liquidator leukemia ERR per Gy estimates from multiple cohort studies; ARS case summary; bone marrow transplants","PMC2904977 Romanenko 2008; PMC3960961; DOAJ; UNSCEAR 2008","Leukemia ERR/Gy=1.26 (95%CI 0.03-3.58); 134 ARS cases; 28 acute deaths"
"ars_cases_REAL.csv","health","20_rows","1986-2006","Detailed ARS case breakdown by dose severity grade; BMT data; survivor follow-up through 2006; skin dose data","UNSCEAR 2008 Annex D p.58-65; OECD-NEA Ch.V; Chernobyl Forum 2005","237 examined; 134 confirmed; 28 acute deaths; Grade IV (6-16 Gy) 21 patients 20 deaths"
"birth_defects_general_health_REAL.csv","health","20_rows","1986-2015","Birth defects/congenital anomaly epidemiology; cancer projections; mental health impacts; total confirmed deaths","UNSCEAR 2008; Chernobyl Forum 2005; EUROCAT 1999","UNSCEAR: no confirmed increase in birth defects; ~60 total deaths confirmed attributable; ~6600 projected LNT cancer deaths Europe"
"food_agricultural_contamination_REAL.csv","contamination","29_rows","1986-2010","Food chain contamination: milk I-131 Germany 1986; Swedish lakes; Belarus long-term; agricultural restrictions and countermeasures","OECD-NEA Ch.VI; BfS; PubMed sources","14000 Swedish lakes exceeded 1500 Bq/kg threshold 1987; 7-8% Belarus small farm milk still exceeded limits 2005-2007"
"fukushima_chernobyl_comparison_REAL.csv","comparative","25_rows","1986_vs_2011","Side-by-side comparison of Chernobyl (1986) and Fukushima (2011) source terms doses contamination and health effects","WNA; UNSCEAR 2008; UNSCEAR 2013","Chernobyl ~10x larger total source term; 28 ARS deaths vs 0; positive void coefficient RBMK vs stable BWR"
"reactor_physics_REAL.csv","physics","38_rows","1986-04-25 to 1986-04-26","RBMK reactor design parameters; accident sequence physics; ORM values; void coefficient; graphite tip effect; prompt criticality calculation","INSAG-7; WNA; OECD-NEA Ch.I","ORM=8 rods at test (minimum 15); positive void coefficient dominant below 20% power; graphite tips added +2-3beta when AZ-5 pressed"
"am241_ingrowth_timeseries_REAL.csv","calculated_timeseries","115_rows","1986-2100","Annual Am-241 and Pu-241 activity 1986-2100; Bateman equation calculation; peak Am-241 2058.7; both ingrowth and initial-release components","Bateman equations; UNSCEAR 2008 (Pu241=2.6 PBq t1/2=14.29yr Am241 t1/2=432.2yr)","Am-241 total peaks 0.08274 PBq (82.7 TBq) at year 2058.7; 2026 value 0.0772 PBq = 11x original release; only isotope still increasing"
"isotope_decay_timeseries_REAL.csv","calculated_timeseries","80_rows","1986-2065","Annual activities for 16 major isotopes from Chernobyl source term; decay-corrected; Cs-137 Sr-90 Pu isotopes Am-241 Kr-85 Ru-106 short-lived isotopes","OECD-NEA source term + Bateman decay equations; half-lives from NNDC","2026: Cs-137=33.9 PBq Sr-90=3.82 PBq Pu-241=0.374 PBq Am-241_total=0.077 PBq; Am-241 peak 0.0827 PBq in 2058"
"contamination_zones_REAL.csv","contamination_areas","23_rows","1986-2026","Contamination area statistics by nuclide and deposition threshold; Cs-137 Sr-90 Pu-239+240 I-131 zones; national breakdowns Belarus Ukraine Russia; decay-corrected 2026 estimate","UNSCEAR 2008; JRC Cs-137 Atlas 1998; WHO 2006; Chernobyl Forum 2005","Total Cs-137 >37 kBq/m2: 125000 km2 in 1991; Belarus 46500 km2 (22.5% territory); Ukraine 37200 km2; Sr-90 >10 kBq/m2: 30000 km2"
"nci_ukraine_thyroid_cohort_REAL.csv","health_cohort","37_rows","1986-2015","NCI Ukrainian-American and Belarusian-American Thyroid Cohort study data; cohort sizes doses by round risk coefficients; ARS survivor cancer data; liquidator thyroid SIR","DCEG/NCI UATCS; Frontiers Endo 2020 doi:10.3389/fendo.2020.569041; PMC6770927; EHP doi:10.1289/ehp.0800184","UkrAm 13204 persons; mean dose 0.65 Gy; ERR/Gy=1.91 incident cases; liquidator thyroid SIR=3.35; ARS survivors 32/57 deaths from cancer/blood malignancies"
"ukraine_solid_tumor_incidence_REAL.csv","health_registry","16_rows","1999-2016","National Cancer Registry Ukraine solid tumor incidence AAPC 1999-2016 by cancer site and region; Joinpoint regression analysis","PMC6733202 JCO Global Oncol 2019 doi:10.1200/JGO.19.00099","Thyroid AAPC +4.2% largest nationally; Kyiv region ~2x national thyroid rate; stomach/lung decreasing; Volyn pancreatic AAPC +7.0%"
"cez_wildlife_contamination_REAL.csv","wildlife_ecology","15_rows","2000-2025","Radionuclide contamination in CEZ wildlife; wild boar muscle/bone Cs-137/Sr-90; fish in cooling pond/Pripyat River; birds fungi absorbed doses to biota; population data","Multiple CEZ wildlife studies; Beresford 2022; Mousseau/Moller; Deryabina 2015; ScienceInsights 2024","Wild boar mean 46000 Bq/kg Cs-137 = 77x EU limit (max 660000 = 1100x); catfish up to 50000 Bq/kg; soil organisms 0.7-1753 µGy/h absorbed dose"
"raw_downloads/unscear_2008_annex_d.pdf","raw_PDF","179_pages","1986-2006","Downloaded raw PDF: UNSCEAR 2008 Annex D Health Effects (5.6 MB); main source for population dose and health data","UNSCEAR 2008","Multiple CSVs extracted from this"
"raw_downloads/unscear_2017_thyroid_wp.pdf","raw_PDF","30_pages","1991-2015","Downloaded raw PDF: UNSCEAR 2017 White Paper evaluating thyroid cancer in Chernobyl-affected regions (1.1 MB)","UNSCEAR 2017","Parsed into thyroid_cancer_by_period_REAL.csv"
"raw_downloads/nea_chernobyl_status_2024.pdf","raw_PDF","119_pages","2022-2024","Downloaded raw PDF: NEA/CRPPH/R(2024)3 Radiological Protection During Armed Conflict (6.4 MB)","NEA/CRPPH 2024","Contains 2022 invasion impact on Chernobyl monitoring; dose rates 70x spike data"
"raw_downloads/chernobyl_airborne_europe.csv","raw_measurements","2051_rows","1986-04-27 to 1986-08-04","Raw European airborne monitoring data (CR line endings); original source data for 03_european_airborne_REAL.csv","GitHub Anderson-FM (IRSN France original)","CR line endings fixed in REAL version"
"cs137_body_burden_ukraine_REAL.csv","body_burden_screening","22_rows","2009-2026","Cs-137 body burden in Zhytomyr Ukraine residents 2009-2018 screening program; 109936 persons screened; annual means detection rates dose distributions; gender/age/seasonal breakdown; projected 2026 values","PMC7810316 (Korosten and Zhytomyr region 2009-2018)","Mean body burden declined 21.6 Bq/kg (2009) to 3.0 Bq/kg (2018); 45% detection rate 2009 to 11% 2018; autumn peak due to mushroom season"
"nuclear_context_comparison_REAL.csv","comparative_context","18_rows","1945-2017","Nuclear testing global fallout vs Chernobyl vs Fukushima vs Mayak vs Windscale comparison; release quantities by isotope; cancer projection model comparison (UNSCEAR vs IARC vs WHO)","UNSCEAR 2000 Annex C; UNSCEAR 2008; UNSCEAR 2013; IARC Cardis 2006","Testing Cs-137=948 PBq (11x Chernobyl); Sr-90=622 PBq (62x Chernobyl); IARC projects 25000 excess cancers vs UNSCEAR 6600 for Europe"
"cez_wildlife_population_census_REAL.csv","wildlife_ecology","16_rows","1987-2024","CEZ wildlife population census data from Deryabina 2015 Current Biology; helicopter surveys 1987-1996; track surveys 2008-2010; comparison to 4 uncontaminated Belarus reserves; mammal vs bird radiation response debate","Deryabina 2015 Current Biology doi:10.1016/j.cub.2015.08.005; Mousseau & Moller 2011 Oecologia; Baker 2017 Current Biology","Wolf density 19x reference reserves; elk/deer similar or higher; no mammal abundance-contamination correlation; roe deer 4x lower (wolf predation); brown bear recolonized"
"neuropsychiatric_longterm_health_REAL.csv","health","18_rows","1986-2026","Neuropsychiatric and long-term health effects; dose-dependent psychiatric disorder onset timeline; depression CVD cognitive impairment retinal angiopathy; mental health as primary Chernobyl health burden; Ukraine economic cost","PMC8629042 (35yr review); PMC9003131; WHO 2006; Chernobyl Forum 2005","Disorders at >300 mSv appear immediately; 50-300 mSv after 2yr; <50 mSv after 10yr; mental health is greatest public health problem per Chernobyl Forum 2005; Ukraine 5-7% budget for recovery"
"decontamination_countermeasures_REAL.csv","countermeasures","15_rows","1986-2016","Decontamination and countermeasure effectiveness data; KI distribution; milk ban; agricultural countermeasures (K fertilizer lime ploughing); sarcophagus/NSC containment; evacuation dose reduction; aerial drops","OECD-NEA Ch.VI; WHO 2006; UNSCEAR 2008; INSAG-7","Key missed opportunity: KI tablets not distributed in Belarus/Ukraine in first days (only Poland distributed); milk ban too late in USSR; these were primary thyroid cancer prevention failures"
"thyroid_cancer_sir_trends_REAL.csv","health_epidemiology","21_rows","1986-2019","Belarus annual thyroid cancer incidence rates 1986-2019; SIR for evacuees (13.0) liquidators (4.4) contaminated residents (2.4); temporal cohort case counts; Ukraine cleanup worker EOR/Gy; age-at-exposure effect; PTC overdiagnosis trend 2006-2019","ScienceDirect 2025 Belarus PTC trends; ScienceDirect 2020 SIR data; PMC10655930 Ukraine workers","Belarus rate: 1.5 (1986) to 12.5/100k (2015); post-2015 growth driven by overdiagnosis; Ukraine adult workers EOR=0.40 NOT significant vs children EOR=2-5"
"corium_fcm_physics_REAL.csv","physics_materials","16_rows","1986-2026","Corium and fuel-containing materials physics; mass estimates 170-220t; mineralogy (Chernobylite); Elephant Foot dose history 10000 R/hr 1986 to ~34 µSv/h 2026; Room 305/2 criticality concern; spent fuel inventory; corium composition","ISPNPP; INSAG-7; WNA; Science AAAS 2021; National Geographic","Elephant Foot 10000 R/hr in 1986 = instant lethal; ~34 µSv/h now after 140000-fold decay; k_eff <1.0 but doubled 2016-2021 due to FCM drying; ISF-2 for 21000 spent fuel assemblies"
"atmospheric_transport_plume_REAL.csv","meteorology_transport","23_rows","1986-04-26 to 1986-05-10","Atmospheric transport trajectories for Chernobyl plume; country-arrival dates; wind pattern shifts; wet vs dry deposition (99% wet); Ireland milk contamination; Magdeburg thunderstorm data; Cs-134/Cs-137 fingerprint ratio 0.57","OECD-NEA Ch.II; IRSN 2006 retrospective; Met Eireann; EPA Ireland","3 plume paths: Apr 26-30 Scandinavia/Benelux; Apr 29-May 5 Central/Southern Europe; May 1-10 France/UK/Ireland. Only 1% dry deposition vs 99% rainfall-controlled."
"radioactive_decay_chains_REAL.csv","nuclear_physics_reference","18_rows","1986-present","Radioactive decay chains for all major Chernobyl isotopes; Z N Q-values beta energies principal gammas gamma yields; includes Cs-137→Ba-137m (662 keV source explained); Sr-90 pure beta (no gamma); Pu-241→Am-241 Bateman; Ru-106→Rh-106 (512 keV monitoring); Xe-133 global tracer","NNDC; IAEA NuDat; UNSCEAR 2008; Kashparov 2020; PNAS 2019 (Ru-106 2017 event)","Key physics: Cs-137 has NO gamma itself — 662 keV from Ba-137m daughter in secular equilibrium; Sr-90 pure beta undetectable by gamma monitors; Am-241 alpha 5.49 MeV with 59.5 keV gamma; Rh-106 in-growth 30s for Ru-106 detection"
"rbmk_safety_modifications_REAL.csv","reactor_safety_history","15_rows","1986-2024","Post-Chernobyl RBMK design and operational modifications; graphite tip +2-3β→<+0.5β; enrichment 2.0→2.8%; ORM 15→30 rods; SCRAM 18s→12s; 80 additional fixed absorbers; comparative physics (BWR/PWR negative void coefficient); fleet status 17→11 reactors; INSAG-7 revised root cause","INSAG-7 1991; WANO; WNA; IAEA PRIS 2024","11 RBMK-1000 still operating Russia 2024 (Leningrad Smolensk Kursk); INSAG-7 reversed INSAG-1 attribution — both design flaws AND operator violations necessary; Belarus/Baltic RBMK-1500 shut 1990-2009 (EU accession condition)"
"fuel_particle_contamination_REAL.csv","nuclear_materials_physics","29_rows","1986-2026","Hot particle (fuel particle) data from Chernobyl; 3-type classification (UZryOx/UO2/oxidized-UO2); dissolution half-times by type (5-25 yr); particle size distribution (4-150 µm); activity per particle (1-10⁶ Bq); soil inventories 30-km zone; fraction in insoluble form over time; isotope fingerprint ratios","Kashparov 2004 PMID:14972414; Kashparov 2020 PMID:31419762; Levchuk 2020 PMID:32868094; Salbu 2001 PMID:11202686; J Nucl Materials 2000","Near-zone: >40% activity in insoluble fuel particles (1987); Type III fully dissolved by 1995-2000; Type I still 31% of Red Forest inventory (2015); Zr-95/Ce-144=0.73 fuel fingerprint; resuspension 2.6 particles/1000m3 wind vs 36 agricultural"
"soil_plant_transfer_factors_REAL.csv","food_chain_dosimetry","23_rows","1986-present","Soil-to-plant transfer factors (Fv) for Cs-137 Sr-90 I-131 Pu-238 Am-241 across food types; soil-to-milk Fm coefficients; foliar interception factors; countermeasure effectiveness (K fertilizer liming); explanation of mushroom/wildlife persistence","IAEA TRS 472 2010; Nisbet and Woodman 2000 PMID:10688450; IAEA TECDOC-1497; PMID:15196842","Cs-137 mushroom Fv=0.03-16.7 (100-5000x higher than cereals) explains persistent contamination; Sr-90 transfer 5-10x higher than Cs-137; I-131 Fm cow milk=0.004 d/L (sheep=0.29 d/L = 70x higher); aging reduces Cs-137 Fv >50x by 2010 vs 1986"
"chernobyl_accident_chronology_REAL.csv","event_chronology","43_rows","1986-04-25 to 2026-04-26","Precise event timeline: April 25 test preparations → April 26 explosion → evacuation → firefighting → international detection → 10-day graphite fire → liquidator campaigns → sarcophagus → NSC → 2022 invasion → 2025-2026 current state","INSAG-7; WNA Appendix 1; OECD-NEA Ch.I; Historical record; modern_monitoring_REAL.csv","Includes: 9-hour Kiev dispatcher delay; xenon pit at 00:28; ORM=8 at 01:22:30; AZ-5 press at 01:23:40; graphite tip +reactivity 01:23:41-43; first explosion 01:23:44; Forsmark detection April 28; Poland KI distribution April 29; graphite fire extinguished May 9"
"dose_conversion_factors_REAL.csv","nuclear_dosimetry","33_rows","1986-present","ICRP dose coefficients (Sv/Bq) for major Chernobyl isotopes: I-131 Cs-137 Cs-134 Sr-90 Pu-238/239 Am-241 Ru-106 Te-132 Sr-89 Ba-140 Xe-133 Pu-241; ingestion inhalation external pathways; adult and child (1yr 10yr) age dependence; KI protection efficiency; soil-to-dose-rate conversion","ICRP 72 1996; ICRP 68 1994; ICRP 119 2013; ICRP 158 2024; ICRP 144 2020; EPA FGR-15 2019","I-131 thyroid DCF: infant 2.4E-06 Sv/Bq vs adult 4.3E-07 (5.6x); explains child cancer excess; Pu-239 inhalation 6.2E-05 >> ingestion 2.5E-07; Cs-137 external ground: 0.0043 µSv/hr per kBq/m2; KI blocks >90% thyroid dose if given within 2h"
"reactor_activation_products_REAL.csv","nuclear_physics_materials","13_rows","1986-present","Neutron activation products in Chernobyl reactor structural materials: Co-60 Co-58 Mn-54 Fe-55 Ni-63 Ni-59 Nb-94 Zn-65 C-14 H-3 Cm-244 Eu-154; production reactions; initial 1986 activities; decay-corrected 2026 values; half-lives; dose significance timeline","NNDC; NUREG/CR-3474 OSTI:6776358; Kleszcz Mietelski 2010 Radiochimica Acta; ICRP 72; corium_fcm_physics_REAL.csv","Co-60 (t1/2=5.27yr): 99.4% decayed by 2026; Ni-63 (t1/2=101yr): 36% remains; Nb-94 (t1/2=20300yr): permanent; structural activation products <1% of total shelter activity; fuel/fission products dominate; Nb-94 key isotope for 100-year waste planning"
"chernobyl_cooling_pond_REAL.csv","aquatic_environment","28_rows","1981-2025","Cooling pond physical dimensions (22.9 km²; 151×10⁶ m³); radionuclide concentrations 1986-2025; 2014 drawdown Sr-90 impact (102 kBq/m³ floodplain peak); sediment inventories Cs-137=16.28 TBq/Sr-90=2.4 TBq; fish contamination timeline; ISF-2 status","Bugai 2022 Sci Rep doi:10.1038/s41598-022-22842-5; Science Total Environ 2023 PMID:36739017; IAEA TECDOC-1886; MDPI Water 2024; ACS EST 2018","2014 drawdown increased floodplain Sr-90 10x; sediment 80% Sr-90 in fuel particles; perch 7844 Bq/kg in CEZ lakes 2016; ISF-2 dry storage: 1698 assemblies Jan 2022 of 21217 capacity; seasonal Cs-137 in Kyiv dam from thermal desorption"
"cez_research_2022_2025_REAL.csv","recent_monitoring","20_rows","2022-2026","Recent CEZ research and monitoring 2022-2026: Russian invasion radiological impact; 2022 IAEA monitoring gap; Room 305/2 neutron flux stabilized 2022; 2023 cooling pond drawdown paper; 2024 wildlife biology; 2025 NSC drone damage; CEZ farming resumed 100ha; Kyiv reservoir Cs-137 seasonal dynamics","NEA/CRPPH/R(2024)3; Bugai 2022; PMID:37699376; PMID:39186765; Frontiers Public Health 2025; J Environ Chem Eng 2025; SaveEcoBot 2026","Feb 2025 NSC drone strike 6m breach; Oct 2025 16hr power loss; wolf density 7x uncontaminated reserves; frog melanin adaptation 2024; 200+ bird species; Prypiat 4.932 µSv/h April 2026; 100ha CEZ declassified for farming May 2025"
"radiation_dose_limits_REAL.csv","regulatory_reference","19_rows","1990-present","ICRP/IAEA radiation dose limits and reference levels: occupational 20 mSv/yr; public 1 mSv/yr; emergency levels 20-100 mSv; EU food limits Cs-137=1250 Bq/kg Sr-90=125 Bq/kg I-131=500 Bq/L; ARS thresholds 0.7 Gy; LD50=3.5 Gy; natural background 2.4 mSv/yr; LNT model basis","ICRP 103 2007; ICRP 118 2012; IAEA GSR Part 3 BSS 2014; ICRP 60 1991; EU Council Regulation 2016/52; UNSCEAR 2008","Every dose in dataset cross-referenced: Prypiat 43 mSv/yr = 43x public limit; liquidators average 117 mSv = 6x annual occupational limit; ARS patients 0.8-16 Gy; soil dose-rate conversion: 0.0043 µSv/hr per kBq/m2 Cs-137"
"red_forest_waste_sites_REAL.csv","contamination_ecology","17_rows","1986-2026","Red Forest (most contaminated area in CEZ): Cs-137 mean 412000 Bq/kg DM; 90% activity in top 4 cm; Pu-239/240 at 86.9 Bq/m2; tree burial in unlined trenches → groundwater Sr-90 3-4 orders magnitude above WHO; 2020 wildfire 11500 ha burned; Levchuk 2020 fuel particle validation; Russian 2022 trench-digging","Beresford 2022 PLOS ONE; Levchuk 2020 PMID:32868094; Evangeliou 2020 Sci Rep; DAZV Ukraine","10 km² of dead pine trees killed 1986; burial trenches = primary near-surface radioactive waste sites; 800+ waste sites total in CEZ; 2.5M m³ waste volume estimate; Russian 2022 trench-digging in Red Forest was highest-risk military action radiologically"
"retrospective_dosimetry_methods_REAL.csv","methodology_reference","11_rows","1986-2025","Dose reconstruction methods used for Chernobyl cohorts: EPR/ESR tooth enamel (±34 mGy accuracy; Zaborie application); FISH cytogenetics (best >250 mGy); whole-body Cs-137 counting (detection 270 Bq); direct thyroid I-131 measurement (400000 measurements 1986); milk consumption histories; RADRUE Monte Carlo method; TL/OSL bricks; personal dosimetry failures 1986","PMID:14744045 EPR; PMID:11833339 FISH; PMC7810316 WBC; PMC2930607 RADRUE; UNSCEAR 2008 dosimetry chapter","Human factors = largest uncertainty source (factor 3); dose measurement error → regression dilution → ERR/Gy may be underestimated; proxy respondents give 44% lower doses than self-report; Soviet pocket dosimeters systematically capped at 1 Gy and assigned 25 cGy to many workers"
"ukraine_crop_contamination_REAL.csv","food_contamination","16_rows","2011-2025","Sr-90 in Ukrainian grain crops 2011-2019 (Ivankiv district Kyiv region): 45% of samples exceed 20 Bq/kg permissible level; peak 60-70 Bq/kg; transfer factor 3x IAEA standard due to sandy Ca-poor soils; Cs-137 milk exceedances in Rivne 2016; mushrooms berries wild game; 1982 Unit 1 partial meltdown (declassified 2016); liquidator CVD ERR/Gy=0.47","Environ Int 2021 doi:10.1016/j.envint.2020.106282 PMID:33395933; PMID:33354965 Volyn; PMID:28542008 CVD; Wilson Center KGB archives 2016","67% of 2018 grain samples exceeded limit; Sr-90 remains persistent food hazard near CEZ perimeter; Soviet 1982 Unit 1 incident newly confirmed from KGB archives; CVD in Russian liquidators dose-response confirmed ERR/Gy=0.47"
"chernobyl_economic_impact_REAL.csv","socioeconomic","20_rows","1986-2024","Economic costs: total damages $235-700B (IAEA/scaled); Belarus peak 22.3% national budget 1991→6.1% 2002→$13B total 1991-2003; Ukraine 5-7% annual budget; NSC €1.5B (45 donor countries); total SIP €2.1B; ~200000 permanently displaced; 7M social benefits recipients; CEZ 2600 km2 lost production; decommission target 2064","IAEA Chernobyl Legacy 2005; UNDP 2002; EBRD; Chernobyl Forum 2005; WHO Chernobyl Legacy","Belarus-specific total losses 1986-2015: $235 billion (>30 years national budget); Ukraine $20B documented 1991-2015; Russia $12.6B 1986-1989 Soviet phase; ongoing annual costs in 3 states make Chernobyl largest industrial accident economic burden in history"
"rbmk_fuel_specifications_REAL.csv","nuclear_engineering","21_rows","1977-present","RBMK-1000 fuel specifications: UO2 pellets; 2.0%→2.8% U-235 enrichment; 18 rods per bundle; 13.6mm rod OD; Zr-1%Nb cladding; 10m assembly; 185 kg; He fill 0.5MPa; 1661 channels; 35,700 MWd/tU burnup; Pu-239 4-6 kg/tHM; 21217 spent assemblies in ISF-2; Am-241 grows in spent fuel; Nb-94 permanent cladding activation","WNA; INSAG-7; IAEA TECDOC-1343/1532; ScienceDirect RBMK modeling; OECD-NEA SFAD; CHNPP","Spent fuel: neutron source requires 100yr cooling; gamma source 50% decrease over 50yr; Am-241 in spent fuel increases for 70yr post-discharge (Pu-241 ingrowth); Zr-2.5Nb pressure tubes (8cm ID) in graphite moderator = unique physics vs Western PWR"
"dnieper_river_contamination_REAL.csv","aquatic_environment","22_rows","1986-2023","Dnieper River system contamination: Pripyat River Sr-90 time series (peak ~100000 Bq/L total activity Apr 1986 → 9.6 Bq/L autumn flood 1988 → 5.9 Bq/L Feb 1994); Kyiv reservoir Cs-137 mean 1.0-0.2 Bq/L (1987-1993) with 2.5-3.5x seasonal summer peak; total fluxes (66 TBq Cs-137; 85±10 TBq Sr-90 cumulative 1986-2000); Cs-137 fate (>50% in Kyiv reservoir sediments; 1-5% to Black Sea); Sr-90 fate (43% to Black Sea); June 6 2023 Kakhovka dam breach; Black Sea current levels Cs-137=56 Bq/m³ Sr-90=32 Bq/m³","Sansone 1996 doi:10.1016/0048-9697(96)05120-0; Vakulovsky 1994 doi:10.1016/0265-931X(94)90055-8; Mirzoyeva 2013 PMID:23522557; Springer 2025 doi:10.1134/S0097807825700113; J Environ Chem Eng 2025","Kakhovka dam destroyed June 6 2023 (Russian invasion) resuspended 37yr accumulated Chernobyl contamination from sediments; Kyiv water supply remained below WHO limits throughout post-accident period; Sr-90 highly mobile (43% to Black Sea) vs Cs-137 particle-reactive (<5% to Black Sea); 2022-2023 Dnieper dissolved Sr-90=427.2 Bq/m³ (below WHO 10 Bq/L); suspended Cs-137=521.9 Bq/kg DM"
"liquidator_noncancer_effects_REAL.csv","health_outcomes","21_rows","1986-2025","Non-cancer health effects in Chernobyl liquidators: posterior subcapsular cataracts ERR/Gy=1.0 (PMID:17267613 n=8607); CVD ERR/Gy=0.47 (PMID:30780859 n=53772); chronic radiation syndrome (~155 cases >300 mGy); leukemia ERR/Gy=1.26 (cross-ref); thyroid nodules 2-5x elevated; neurological cognitive deficits >500 mGy; beta skin burns >100 cases; immune lymphocyte changes; ICRP lens threshold revised to 500 mGy; hereditary effects not detected","Worgul 2007 PMID:17267613 cataracts; Ivanov 2019 PMID:30780859 CVD; ICRP 118 2012; Loganovsky 2008 PMID:18608569; UNSCEAR 2008 Annex D","CVD (ERR/Gy=0.47) and cataracts (PSC) are the two most clearly established non-cancer radiation effects in Chernobyl cohorts; ICRP lowered lens opacity threshold from 2 Gy to 0.5 Gy based partly on Chernobyl evidence; mental health remains primary population burden per WHO"
"chernobyl_unit_operations_REAL.csv","nuclear_operations","17_rows","1977-2026","Chernobyl NPP Units 1-3 operating history: Unit 1 (1977-1996 shutdown Nov 30 1996); Unit 2 (1978-1991 shutdown Oct 11 1991 turbine fire); Unit 3 (1981-2000 final shutdown Dec 15 2000); post-accident restarts (Unit 1: Oct 1 1986; Unit 2: Nov 5 1986; Unit 3: Dec 4 1987); ~130-150 TWh post-accident generation; decommissioning status; ISF-1 1261 assemblies pending ISF-2 transfer","WNA; CHNPP; IAEA INSAG-7; EBRD 1996 Memorandum; NEA Chernobyl 2024; IAEA TECDOC-1886","Units 1-3 continued generating electricity for 14 years after the worst nuclear accident in history; final Unit 3 shutdown December 15 2000 was international ceremony; 45 donor nations funded shutdown via EBRD; total post-accident generation ~130-150 TWh serving ~10% of Ukraine demand"
"chernobyl_shelter_sarcophagus_REAL.csv","nuclear_engineering_safety","19_rows","1986-2026","Object Shelter (sarcophagus) construction 1986 (~400000 tonnes concrete; ~250000 workers; >1000 m² openings; 900 m³/day water infiltration); NSC (New Safe Confinement) design-build by Novarka (Vinci+Bouygues); dimensions 108m×162m×257m; €1.5B cost; 45 donors; slid over sarcophagus Nov 29 2016; Feb 14 2025 drone strike 6m breach; €31M repair fund; 100yr design life","IAEA TECDOC-1477; EBRD Shelter Fund; Novarka; NEA 2024; cez_research_2022_2025_REAL.csv","NSC is largest moveable land structure ever built; prevents Shelter collapse releasing radioactive dust; 3 overhead cranes for future remote dismantling; ICRP/EBRD timeline: dismantling of Unit 4 contents 2028-2035; full decommissioning 2064 for lower-contamination structures; Unit 4 core beyond 2064"
"source_term_daily_release_REAL.csv","source_term_physics","15_rows","1986-04-26_to_1986-05-10","Daily/phase release structure of Chernobyl source term: 6 phases (initial explosion; graphite fire declining; minimum May 2; core reheat peak May 6-8; extinguishment May 9; residual); noble gases ~100% released day 1; Cs-137 85 PBq total (UNSCEAR 2008); I-131 1760 PBq; Sr-90 10 PBq; Pu-239/240 0.013 PBq; 5100 tonnes helicopter drop materials; plume height 1000-1500m","UNSCEAR 2008 Annex D Table D5-D6 Figure D-III; OECD-NEA 1996 Table II.3; Devell 1986 Nature; 01_source_term_REAL.csv","Second release peak (May 6-8) rivaled initial explosion for Cs-137 Sr-90 release; core temperature reached ~1650°C; Sr-90 release disproportionately high in phase 4 due to higher volatilization temperature; near-field fuel particles (Pu Sr) vs far-field volatile aerosols (Cs I) creates near/far-field isotopic contrast"
"cez_near_field_deposition_REAL.csv","contamination_zones","17_rows","1986","Near-field (0-100km) deposition data: Pripyat city ~1800-3700 kBq/m²; Red Forest 4000-10000 kBq/m²; Chernobyl city 150-600 kBq/m²; Kopachi village buried; 10km zone average ~800-1400 kBq/m²; 30km zone 100-400 kBq/m² average; NW vs N plume contrast (fuel particles vs volatile aerosols); Sr-90/Cs-137 ratio 10-50x higher near-field vs far-field (fingerprint); Forsmark 1100km 1986-04-28 first detection","IAEA-TECDOC-1247 2001; IAEA Environmental Consequences 2003; contamination_zones_REAL.csv; red_forest_waste_sites_REAL.csv; UNSCEAR 2008","NW plume dominated by ballistic fuel particles (high Sr-90 Pu deposition ratio); N-NE plume dominated by volatile aerosols lofted to 1000-1500m; explains why near-field Sr-90/Cs-137 is 0.1-0.5 vs far-field 0.01-0.05; Chernobyl city (14km south) only 150-600 kBq/m² vs Pripyat (3km west) 1800-3700 kBq/m²"
"black_sea_contamination_REAL.csv","aquatic_environment","15_rows","1986-present","Black Sea Chernobyl contamination: area 422000 km²; permanent chemocline 100-150m (confines radionuclides to surface layer); direct fallout ~130-200 TBq Cs-137; river input ~160 TBq Sr-90 (Dnieper+Danube; from dnieper file); current Cs-137=56 Bq/m³; current Sr-90=32 Bq/m³; fish <100 Bq/kg; Bosphorus export 2-5 TBq/yr initially; sediment Cs-137 50-200 Bq/kg shelf","UNSCEAR 2008; Mirzoyeva 2013 PMID:23522557; Povinec 2004 Sci Mar; Buesseler 1987 Nature; dnieper_river_contamination_REAL.csv","Black Sea permanent stratification = radionuclides confined to upper 100m unlike open oceans; Am-241 growing in Black Sea sediments (Pu-241 ingrowth); marine fish Cs-137 below EU limits throughout post-accident period (no fisheries closure required); Danube contributed ~60 TBq Sr-90 from Central European Chernobyl fallout"
"xenon_135_poisoning_REAL.csv","nuclear_physics_reference","14_rows","1986-04-25_to_04-26","Xe-135 nuclear physics: thermal absorption cross-section 2.65×10⁶ barns; t1/2=9.14hr; I-135 precursor t1/2=6.57hr; Xe-135 as primary fission product poison; xenon pit dynamics; Unit 4 power history April 25-26 (power fell to 30 MWt at 00:28 due to xenon poisoning); ORM fell to 8 rods; decision to continue test; Sm-149 secondary poison context","NNDC; ENDF/B-VIII.0; Lamarsh; INSAG-7; chernobyl_accident_chronology_REAL.csv; reactor_physics_REAL.csv","Xe-135 cross-section 2.65×10⁶ barns = 4500x more absorbing per atom than U-235 fission; xenon pit at 00:28 forced extreme rod withdrawal (ORM=8 vs required 15); this was the precondition for the accident not the direct cause; direct cause = graphite tip positive reactivity spike when AZ-5 SCRAM pressed at 01:23:40"
"contested_radiation_science_REAL.csv","methodology_reference","10_rows","1986-present","Scientific debates in Chernobyl/radiation health: LNT vs threshold vs hormesis; UNSCEAR 6600 vs IARC 25000 cancer deaths projection; solid tumor excess in liquidators (not established below 200 mGy); thyroid cancer overdiagnosis post-2005; CVD radiation causation vs confounding; Rukhadze alternative accident cause (arXiv preprint, non-consensus); Moller/Mousseau vs Deryabina on CEZ wildlife; birth defects (not confirmed); Soviet data suppression documented facts","INSAG-7; UNSCEAR 2008; ICRP 103 2007; Cardis 2006 BMJ; Worgul 2007; Deryabina 2015; Moller/Mousseau 2007","Documents contested science for user's goal of examining scientific disputes; Rukhadze preprint (nucl-ex/0304024) not peer-reviewed and not mainstream; UNSCEAR vs IARC difference is methodology not data; Moller/Mousseau methodology disputed by multiple independent groups; LNT retained as precautionary but not validated at <100 mGy"
"fission_product_yields_REAL.csv","nuclear_physics_reference","16_rows","1986_reference_nuclear_data","Fission product yield data from ENDF/B-VIII.0: Sr-90 5.82%; Cs-137 6.19%; I-131 2.89%; Ba-140 6.35%; Zr-95 6.49%; Xe-133 6.78%; Kr-85 0.29%; Ru-106 0.40%; Ce-144 5.48%; Te-132 4.28%; bimodal distribution physics (magic neutron numbers N=50 and N=82); Pu-239 and Am-241 as activation products not fission products; Cs-134 from neutron capture on Cs-133 (activation, not fission)","ENDF/B-VIII.0 NNDC; England Rider 1994 LANL; JEFF-3.3; Strutinsky 1967 Nucl Phys A","Bimodal yield distribution: light peak A~95 (Zr-95 Sr-90) and heavy peak A~137 (Cs-137 I-131 Xe-133); minimum at A~120; explains why Cs-137 and Sr-90 dominant long-lived fission products from Chernobyl; Cs-134/Cs-137=0.57 ratio from burnup calculation (Cs-134 is ACTIVATION not fission product)"
"international_response_1986_REAL.csv","accident_history","18_rows","1986-04-26_to_2000-12-15","Timeline of international response: accident 01:23 Apr 26; Forsmark Sweden detection Apr 28 09:00 (62hr later); TASS announcement Apr 28 21:00 (66hr later); Poland KI 18M doses Apr 28-29; IAEA notified Apr 29 (3 days); Kyiv May Day parade proceeded normally May 1; EEC emergency food limits Regulation 1707/86; UK sheep restrictions (some not lifted until 2012); IAEA Early Notification Convention adopted Sep 26 1986; Legasov Vienna Aug 1986; INSAG-7 1992; Unit 3 final shutdown Dec 15 2000","TASS Apr 28 1986; Devell 1986 Nature; IAEA INSAG-1/7; EEC Regulation 1707/86; UK MAFF; Poland KI data","Soviet 66-hour delay to international notification directly drove creation of IAEA Early Notification Convention Sep 26 1986; Poland was only country to distribute KI promptly (18M doses); contrast USSR where KI not distributed; UK sheep restrictions lasted 26 years due to acid soil Cs-137 persistence"
"radiation_biology_mechanisms_REAL.csv","nuclear_physics_reference","14_rows","mechanistic_reference","Radiation biology: 40 DSBs/Gy/cell; 1000 SSBs/Gy; 2000 base damages/Gy; water radiolysis OH• radical mechanism; NHEJ vs HR repair pathways; RET/PTC gene rearrangement = Chernobyl thyroid cancer molecular signature; bystander effect; genomic instability; LET and RBE (alpha=20 vs gamma=1); cell cycle radiosensitivity (G2/M most sensitive); adaptive response debate; γH2AX DSB biomarker; telomere shortening in liquidators","BEIR VII 2006; Lieber 2010 PMID:20192759; Nikiforov 2003 PMID:14598823; Rothkamm 2003 PMID:12608579; ICRP 103; Ward 1988","RET/PTC chromosomal rearrangement specifically caused by DSBs in thyroid cells from I-131 beta dose; explains molecular mechanism from I-131 dose to papillary thyroid cancer; alpha RBE=20 explains why Pu hot particles more dangerous per Gray than Cs-137 gamma; γH2AX foci detectable at doses as low as 1-10 mGy"
"baltic_sea_contamination_REAL.csv","aquatic_environment","14_rows","1986-present","Baltic Sea contamination: area 415000 km²; direct fallout 400-1000 TBq Cs-137 on sea surface; herring 100-500 Bq/kg peak 1987 → 5-30 Bq/kg current (below 600 Bq/kg EU limit); 14000 Swedish freshwater lakes elevated; Norwegian/Finnish reindeer up to 100000 Bq/kg (via lichen-Cs-137 pathway Fv=10-100); Baltic water residence time 25-35yr; current Cs-137=20-50 Bq/m³; Sr-90=5-15 Bq/m³; Bosphorus/Kattegat export","HELCOM 1990/2022; Devell 1986 Nature; Johanson 1994; Smith JT 1999 doi:10.1016/S0265-931X(98)00038-0; Strand 2002 PMID:12148494","Baltic more contaminated than Black Sea from direct fallout (closer to main plume paths); limited water exchange (25-35yr residence) slows cleanup; reindeer/lichen pathway = highest non-CEZ Cs-137 in terrestrial animals; Swedish freshwater fish still exceed limits in some lakes 40yr later"
"iodine_atmospheric_chemistry_REAL.csv","nuclear_physics_reference","14_rows","1986_reference","I-131 chemical speciation in atmosphere: I2 (30-50%; Vd=10-50 mm/s; 90% respiratory uptake); CH3I organic iodide (20-70% increasing with distance; Vd=0.01-0.1 mm/s; 20% uptake); particle-associated (15-30%; Vd=1-5 mm/s); cow milk Fm=0.004 d/L; sheep milk Fm=0.29 d/L (70x); iodine deficiency amplifies thyroid dose 1.5-3x; KI mechanism; I-131 t1/2=8.02d → zero by October 1986; 400000 Soviet thyroid measurements mostly unreliable","Chamberlain 1984 doi:10.1016/0004-6981(84)90256-9; Whitton 1993 NRPB; IAEA 2006; dose_conversion_factors_REAL.csv","Organic iodide fraction increases with distance (I2→CH3I conversion); far-field populations received lower thyroid dose per unit Bq/m³ than near-field; iodine deficiency in 1986 Soviet population amplified actual thyroid doses vs ICRP standard model predictions; explains higher-than-predicted thyroid cancer rates"
"chernobyl_environmental_remediation_REAL.csv","decontamination_response","13_rows","1986-present","Remediation actions: 5100t helicopter drops May 1986; rooftop decontamination by human biorobots (3700 workers; robots all failed); 2.5M m³ soil removal to 800+ burial sites; Kyiv water sand filters; flood control berm around cooling pond; K-fertilizer and liming (33-50% Cs reduction; 30-50% Sr reduction); Prussian Blue cesium boli for cattle (70-90% milk reduction); Red Forest burial (FAILED → groundwater Sr-90 contamination); phytoremediation research; Rossokha vehicle graveyard","INSAG-7; OECD-NEA 1996; red_forest_waste_sites_REAL.csv; decontamination_countermeasures_REAL.csv; Dushenkov 1997 PMID:21654075","Red Forest tree burial in unlined trenches was counterproductive - concentrated fuel particles creating groundwater Sr-90 source; robot decontamination of Unit 3 roof completely failed; Prussian Blue boli are most cost-effective countermeasure (near-zero cost; 70-90% reduction); phytoremediation proven effective for contaminated water but not cost-effective for soil"
"rbmk_void_coefficient_physics_REAL.csv","nuclear_physics_reference","14_rows","1986_reference_RBMK_physics","RBMK positive void coefficient: +4 to +8 pcm/%void (pre-mod); reduced to +0.5-2 post-mod; why graphite moderator creates positive αv (water = parasitic absorber not primary moderator); LWR comparison (strongly negative -20 to -100); CANDU comparison (slightly positive); Doppler -2 to -4 pcm/°C; net power coefficient positive at <700 MWt (forbidden zone); graphite tip +2-3β on AZ-5 SCRAM; total reactivity +7-10β at accident; β_eff(U-235)=0.0065 vs β_eff(Pu-239)=0.0021","INSAG-7; Glasstone Sesonske; Lamarsh; OECD-NEA Ch.I; rbmk_void_coefficient_physics_REAL.csv","Positive void coefficient at low power + graphite tip effect + ORM=8 = prompt criticality +7-10β when AZ-5 pressed; post-modification RBMK (11 operating Russia 2026) has void coefficient 4-10x smaller and cannot reach prompt criticality from void alone; SCRAM time reduced 18→12s but still slow vs LWR <2s"
"nuclear_accident_history_comparison_REAL.csv","nuclear_operations","10_rows","1957-2017","Major nuclear accidents: SL-1 (1961 INES-4; 3 deaths; rod ejection); Windscale (1957 INES-5; graphite fire; 740 TBq I-131; ~200-240 excess UK cancers); Kyshtym Mayak (1957 INES-6; 74 PBq total; ~10000-270000 evacuated; second worst pre-Chernobyl); TMI (1979 INES-5; ~0 Cs-137 released; containment held); Chernobyl (1986 INES-7; 85 PBq Cs-137); Goiania (1987 INES-5; 50 GBq Cs-137 source; 4 deaths); Tokaimura (1999 INES-4; criticality; 2 deaths); Fukushima (2011 INES-7; 15-20 PBq Cs-137); Mayak Ru-106 (2017; 250 TBq)","INSAG-7; Medvedev 1979; NRC TMI; IAEA Goiania; NEA INES","Only 2 INES-7 events: Chernobyl and Fukushima; TMI showed PWR negative void coefficient prevents external release even during partial melt; Kyshtym at INES-6 = only INES-6 event ever; Tokaimura criticality in processing facility = worst ARS case (Ouchi 16-20 Gy); INES scale created in 1990 post-Chernobyl"
"natural_background_radiation_REAL.csv","nuclear_physics_reference","13_rows","perennial_reference","Natural background: global average 2.4 mSv/yr; radon 1.26 mSv/yr (52%); cosmic 0.39; terrestrial gamma 0.48; internal (K-40 4400 Bq in body) 0.29; high backgrounds: Ramsar Iran 260 mSv/yr; Guarapari Brazil 50-100 mSv/yr; airline crew 3-6 mSv/yr; medical imaging global avg 0.6 mSv/yr; average European Chernobyl lifetime dose 1-2 mSv ≈ 0.5-1yr extra background; liquidator 117 mSv = 49yr global average","UNSCEAR 2000/2008 Annex B; EPA Radon; ICRP 132 cosmic; WHO Indoor Radon 2009","Liquidator average dose (117 mSv) = less than Denver Colorado resident receives in ~15yr from elevated natural background; Chernobyl public doses outside FSU (~1-2 mSv lifetime) = 0.5-1yr extra natural background; K-40 body burden (4400 Bq) is 20x larger activity than Cs-137 body burden in typical Ukrainian resident today"
"reactor_types_physics_comparison_REAL.csv","nuclear_physics_reference","8_rows","reference","Reactor physics comparison: RBMK (graphite+H2O; positive void +4-8 pcm; no containment; 18-20s SCRAM); PWR (H2O moderator; negative void -20-100 pcm; <2s SCRAM; worldwide most common); BWR (boiling H2O; slightly negative void; Fukushima design); VVER Soviet PWR (negative void; fundamentally safer than RBMK); CANDU (heavy water; slightly positive void; dual SCRAM systems); Gen-IV sodium fast (negative void; passive shutdown); MSR (passive drain freeze plug); modified RBMK current (void +0.5-2; 12s SCRAM; 11 units operating Russia 2026)","INSAG-7; WNA profiles; Glasstone Sesonske; IAEA PRIS; rbmk_safety_modifications_REAL.csv","RBMK vs PWR: positive vs negative void coefficient is the fundamental physics difference; water as primary moderator (PWR/BWR) makes void removal = moderator removal = self-limiting; graphite moderator (RBMK/CANDU) decouples moderation from coolant = positive void possible; USSR had BOTH safer VVER and dangerous RBMK running simultaneously in 1986"
"gamma_ray_interaction_physics_REAL.csv","nuclear_physics_reference","14_rows","reference_quantum_physics","Gamma interaction physics: photoelectric (<100 keV tissue; <500 keV lead); Compton (100 keV-5 MeV; Klein-Nishina); pair production (>1.022 MeV threshold); Cs-137/Ba-137m 661.7 keV (85.1%; Compton dominant); Cs-134 604.7+795.9 keV; I-131 364.5 keV; Am-241 59.5 keV; Co-60 1173+1332 keV; HVL(Pb at 662 keV)=7 mm; HVL(tissue)=9 cm; NaI resolution 7-8% vs HPGe 0.1-0.3% at 662 keV; Compton edge Cs-137 at 477.3 keV","NIST XCOM; Attix 1986; Klein Nishina 1929; Knoll 2010; NNDC NuDat 3","All 662 keV gammas from Chernobyl contamination originate from Ba-137m DAUGHTER not Cs-137 itself; Cs-134 presence in 1986 detections confirmed Chernobyl origin (ratio 0.57); Am-241 59.5 keV highly attenuated by soil (photoelectric); 7mm Pb halves Cs-137 gamma; HPGe resolves Cs-134 vs Cs-137 peaks (58 keV apart)"
"beta_alpha_radiation_physics_REAL.csv","nuclear_physics_reference","13_rows","reference_quantum_physics","Beta and alpha physics: Sr-90 E_max=546 keV (pure beta; no gamma); Y-90 daughter E_max=2279 keV (Cherenkov threshold exceeded); Cs-137 beta E_max=514 keV; I-131 beta E_max=606 keV; Pu-239 alpha 5150 keV (range 37 µm tissue); Am-241 alpha 5486 keV; alpha RBE=20; bremsstrahlung from high-E beta in high-Z material; beta skin dead layer 70 µm stops alpha; Fermi coupling constant G_F=1.166e-5 GeV-2; Sr-90 bone-seeker Ca-analog; internal conversion Ba-137m","NNDC; Attix 1986; ICRP 67; Knoll 2010; Fermi 1934; NIST ESTAR; dose_conversion_factors_REAL.csv","Sr-90 pure beta = invisible to standard Geiger counters explains 1986 monitoring failures; Y-90 daughter Cherenkov enables sensitive Sr-90 detection in water; alpha from hot particles deposits all energy in 37 µm (< skin dead layer externally = safe; internally = very concentrated dose); use low-Z shielding first for beta emitters to prevent bremsstrahlung"
"zaporizhzhia_npp_2022_2025_REAL.csv","nuclear_operations","12_rows","2022-03-04_to_2025","Zaporizhzhia NPP (ZNPP): 6×VVER-1000 at Enerhodar (6000 MWe; Europe's largest NPP); Russian military occupation March 4 2022 (first nuclear plant seized in active combat); all 7 IAEA safety principles violated per IAEA Nov 2022 report; external power repeatedly cut (operated on single 750 kV line ≥5 times); all 6 units cold shutdown by September 11 2022; 2000+ spent fuel assemblies requiring continuous cooling; multiple confirmed shelling incidents near reactors; Kakhovka dam breach June 2023 (no threat to ZNPP cooling); IAEA on-site monitoring team continuously from Sep 2022; VVER negative void coefficient = Chernobyl-type prompt criticality physically impossible; primary war risk = spent fuel cooling failure (Fukushima scenario not Chernobyl)","IAEA Update NE/ZNPP/2022-2025 series; IAEA DG Grossi statements; Energoatom; NEA NE/CRPPH/R(2024)3; WNA Ukraine","Unprecedented: all 7 IAEA safety principles simultaneously violated at operating nuclear plant; VVER-1000 vs RBMK: negative void coefficient = fundamentally safer reactor physics; war risk is cooling-failure/spent-fuel-pool scenario analogous to Fukushima not Chernobyl; IAEA maintains continuous 2-3 person monitoring rotation on-site; site still under Russian military control as of early 2025"
"atmospheric_dispersion_parameters_REAL.csv","nuclear_physics_reference","14_rows","1986_plume_modeling","Atmospheric dispersion: Gaussian plume equation parameters; Pasquill-Gifford stability classes A-F (sigma_y/sigma_z Briggs formulae); effective release height Chernobyl 1000-1500m; dry deposition velocities (I2=10-50 mm/s; CH3I=0.01-0.1 mm/s; Cs-137 aerosol=1-3 mm/s); wet deposition washout coefficient Λ; HYSPLIT and SNAP-II model parameters for Chernobyl reconstruction; chi/Q near-field factor; April 27 plume trajectory to Forsmark; Monin-Obukhov length stability parameterization","Pasquill 1961; Gifford 1961 Nucl Saf; Briggs 1973; Draxler 1998 ARL-224; Stohl 2012 ACP doi:10.5194/acp-12-2313-2012; Fischer 1987 J Environ Radioact; IAEA-TECDOC-955","Gaussian model used for near-field; Lagrangian (HYSPLIT/NAME) for medium-range; Eulerian for long-range; nighttime stable Class E-F at 01:23 accident → concentrated near-field plume; high effective height (1000-1500m) → transported 85 PBq Cs-137 across Europe; single thunderstorm May 8 deposited ~99% of some Scandinavian contamination"
"ukraine_nuclear_fleet_REAL.csv","nuclear_operations","14_rows","1977-2025","Ukraine nuclear fleet: 15 operating VVER reactors at 4 sites (13,800 MWe); Rivne 4 units (2×VVER-440 + 2×VVER-1000); Khmelnytsky 2 units (VVER-1000; Units 3-4 under construction); South Ukraine 3 units (VVER-1000); ZNPP 6 units occupied 2022; pre-war nuclear share ~55-60% of Ukraine electricity; Westinghouse fuel completed transition 2022-2023 (independence from Russian TVEL); Budapest Memorandum 1994 context; Energoatom operator; SNRIU regulator; ISF-2 dry cask storage (Holtec); post-war 60yr license extension plans","IAEA PRIS 2025; Energoatom annual reports; WNA Ukraine 2025; NEA 2024; SNRIU; Westinghouse; IEA Ukraine 2022","Ukraine = second largest nuclear generator in Europe by capacity (after France); ZNPP occupation removed ~43% of installed nuclear capacity; Westinghouse fuel switch = energy security from Russia achieved; Budapest Memorandum Russia violation = largest compliance failure in nuclear non-proliferation framework"
"nuclear_safety_culture_REAL.csv","nuclear_operations","12_rows","1979-2025","Nuclear safety culture: INSAG-7 dual root cause (design flaw + safety culture deficiency); Legasov memoirs (posthumous 1988) document systemic Soviet failures; GAN regulatory capture; WANO establishment 1989 (direct Chernobyl response); IAEA Defense in Depth 5 barriers (all violated at Chernobyl); Pripyat 36-hour evacuation delay; Dyatlov trial; operators not informed of positive void coefficient; 4th attempt at turbine test with non-nuclear procedure authors; TMI 1979 parallel lessons; post-Chernobyl IAEA Convention on Nuclear Safety 1994; questioning attitude indicator","INSAG-7 1992; Legasov memoirs 1988; IAEA INSAG-4 1991; IAEA CNS 1994; WANO 1989; Kemeny Commission 1979; Plokhy 2018 Chernobyl","Chernobyl root cause dual: reactor design (positive void + graphite tip) AND safety culture (operator pressure; regulatory capture; test not reviewed by reactor designer); post-1986 nuclear safety culture transformation in West = WANO peer reviews + NRC strengthened requirements; former Soviet states required IAEA IRRS missions for full reform"
"chernobyl_first_responders_medical_REAL.csv","health_outcomes","14_rows","1986-04-26_to_present","Chernobyl first responders medical data: 134 confirmed ARS cases; 28 deaths first 3 months; Hospital No. 6 Moscow (Dr. Guskova chief); lymphocyte count biological dosimetry; BMT failures (13 attempted; only 2 engrafted; all eventually died); beta burns skin pathology; ARS symptoms timeline (nausea <1hr → >4 Gy); categories (firefighters/plant operators/emergency workers); Akimov/Toptunov/Pravik individual cases; KI not distributed to Pripyat; Medchast No. 126 initial triage; long-term survival degree I-II survivors","Guskova Baranov 1988 J Radiol Prot PMID:3184487; Baranov 1989 BMT 4:69; Gale Butturini 1992; UNSCEAR 2008; Mould 2000 Chernobyl Record; Read 1993 Ablaze; Plokhy 2018","BMT failure rate 11/13 = key medical lesson: BMT contraindicated for mixed whole-body + localized high-dose exposure with burns; Chernobyl established modern mass-casualty radiation treatment protocols; KI non-distribution most preventable health policy failure; Dr. Guskova's lymphocyte-based triage protocol still used in REAC/TS nuclear accident response worldwide"
"rbmk_core_neutron_physics_REAL.csv","nuclear_physics_reference","12_rows","1986_reference_reactor_physics","RBMK neutron physics: 1661 pressure tubes; 1700t graphite moderator; thermal cross sections (Xe-135=2.65×10⁶ b; U-235=585 b; B-10=3840 b); four-factor formula k_eff; delayed neutron data β_eff U-235=0.0065 (6 groups; mean 13s); prompt neutron generation time Λ=1-2 ms (graphite); control rod worth 15-20% Δk/k; ORM=8 was direct precondition; Doppler broadening -2 to -4 pcm/°C; excursion timing (01:23:40→01:23:44); 300 GJ energy release estimate; neutron moderation comparison H2O vs graphite; criticality dollar units (+7-10β prompt supercritical)","Keepin 1965 Physics of Nuclear Kinetics; Lamarsh 1966; NNDC BNL-325; ENDF/B-VIII.0; INSAG-7; Steinberg 2009 Nucl Eng Des doi:10.1016/j.nucengdes.2009.01.020","Neutron generation time Λ=1-2ms (graphite RBMK) vs 50-100µs (LWR) — RBMK actually slower kinetics; BUT once prompt critical (+7β) mechanical SCRAM (18-20s) irrelevant regardless; Doppler coefficient (-2-4 pcm/°C) present but overwhelmed by positive void (+4-8 pcm/%void) + graphite tip (+2-3β); 4-factor formula explains why positive void intrinsic to RBMK graphite-water design"
"soviet_civil_defense_response_REAL.csv","accident_history","12_rows","1986-04-26_to_11","Soviet civil defense/emergency response: Pripyat 36hr evacuation delay; 30km zone 116,000 evacuated by May 2; DP-5 instruments saturating at 200 R/hr (actual field: 100-1000 R/hr); 600,000 liquidators 1986-1990; helicopter operations 5100t dropped; 10,000 miners tunnel excavation; dosimetry falsification (confiscated/capped); Legasov Vienna presentation Aug 25-29 1986; Shcherbina government commission; Gorbachev televised address May 14 1986; no milk ban first 10 days; shelter-in-place thresholds; Operation Shelter sarcophagus construction","INSAG-7; Plokhy 2018 Chernobyl; Mould 2000 Chernobyl Record; Read 1993 Ablaze; Shcherbak 1989; Marples 1988; UNSCEAR 2008; Gorbachev memoirs 2006","DP-5 instrument saturation at 200 R/hr = direct cause of authorities believing false 3.6 R/hr maximum; delayed evacuation; dosimetry falsification documented in multiple sources = most important data quality issue in all Chernobyl health literature; Gorbachev later stated Chernobyl more important to Soviet collapse than Glasnost itself"
"rbmk_core_neutron_physics_REAL.csv","nuclear_physics_reference","12_rows","1986_reactor_design","RBMK neutron physics: 1661 pressure tubes; 1700t graphite moderator; thermal cross sections (Xe-135=2.65×10⁶ b; U-235=585 b; B-10=3840 b); four-factor formula k_inf=η×ε×p×f; delayed neutron data β_eff U-235=0.0065 (6 groups; mean 13s); Λ=1-2ms (graphite); control rod total worth 15-20% Δk/k; ORM=8 direct precondition; Doppler -2-4 pcm/°C; excursion timing (AZ-5 01:23:40 to explosion 01:23:44); 300 GJ energy release; neutron moderation physics (H2O vs graphite); criticality in dollar units (+7-10β)","Keepin 1965 Physics of Nuclear Kinetics; Lamarsh 1966; NNDC BNL-325; INSAG-7; Steinberg 2009 Nucl Eng Des doi:10.1016/j.nucengdes.2009.01.020; reactor_physics_REAL.csv","Four-factor formula explains positive void intrinsically: removing H2O increases p (resonance escape) and f (thermal utilization) in RBMK → net k_eff increase; graphite moderator decouples slowing-down from neutron absorption; Λ=1-2ms (10-40x slower than LWR) irrelevant once prompt critical (+7β); Doppler present but overwhelmed by graphite tip +2-3β + void effect"
"chernobyl_decommissioning_physics_REAL.csv","nuclear_operations","10_rows","2000-2064","Chernobyl decommissioning: target 2064 (78yr timeline); Units 1-3 in conversion-to-safe-condition; 200,000+ m³ radioactive waste; ISF-2 Holtec 21,217 assembly capacity (1698 stored Jan 2022); activated graphite 4000t/unit (C-14 t1/2=5730yr; unresolved disposal); NSC technical specs (36,000t; 108m×162m×257m; 100yr design life; Feb 2025 drone damage); corium no current removal plan; decay heat curve (7% at t=0 → 0.09% at 1yr); CEZ Pu-239 permanent on human timescale","Energoatom; Holtec 2020; IAEA TECDOC-1521; NEA 2024; EBRD; chernobyl_shelter_sarcophagus_REAL.csv; corium_fcm_physics_REAL.csv; am241_ingrowth_timeseries_REAL.csv","Corium = most challenging decommissioning problem in nuclear history; no technology for safe removal; likely left in situ under NSC for centuries; activated graphite C-14 (t1/2=5730yr) = long-term repository challenge; Am-241/Pu-239 in hot spots = limiting contaminants beyond 2100; decommissioning occurring during active war (2022-2025) adds unique operational complexity"
"nuclear_fuel_cycle_burnup_REAL.csv","nuclear_physics_reference","11_rows","1986_fuel_physics","Nuclear fuel cycle and burnup: burnup definition (MWd/tHM); Pu-239 production ~0.6g/MWd (U-238(n,γ) chain); Pu buildup series (239→240→241→Am-241); U-235 depletion 1.05g/MWd; Cs-134 activation mechanism (Cs-133+n; NOT fission product; ratio 0.57 fingerprint); ORIGEN burnup code; ANS-5.1 decay heat curve (7% at shutdown → 0.09% at 1yr); spent fuel radioactivity timescale (10¹⁶ Bq/tHM fresh → 10⁸ Bq/tHM at 10,000yr); fissile inventory Unit 4 (U-235 ~1800kg; Pu-239 ~120-180kg); Cs-137 inventory calculation (~260 PBq total; 85 PBq released)","Lamarsh 1966; IAEA TECDOC-1243; England Rider 1994 LANL; ANS-5.1 1979; Croff 1983 Nucl Technol; NNDC; 01_source_term_REAL.csv; rbmk_fuel_specifications_REAL.csv; fission_product_yields_REAL.csv","U-235 depletion rate derivation: 1 fission=200MeV; 1 MWd=8.64×10¹⁰ J → 2.7×10²¹ fissions/MWd × 3.9×10⁻²² g/fission = 1.05 g U-235/MWd; Cs-137 inventory verified: 260 PBq calculated from burnup matches UNSCEAR 260 PBq; Cs-134/Cs-137=0.57 ratio unique forensic fingerprint of Chernobyl (vs weapons fallout which has no Cs-134)"
"chernobyl_health_registry_populations_REAL.csv","health_outcomes","11_rows","1986-2025","Population health registries: Belarus National Registry; Russian RNMDR (~200,000 workers; annual surveys; ERR/Gy leukemia=1.26; cataracts; CVD); Ukrainian Chernobyl State Registry; NCI UkrAm/BelAm thyroid cohort (ERR/Gy=1.91; n=13127 Ukrainian); Belarus thyroid surveillance 1982-present; Chernobyl Tissue Bank (3000+ tumors; RET/PTC molecular signatures); leukemia ERR/Gy~1.7-2.0 (A-EURECA); psychological health = primary public burden (WHO 2005); UN Chernobyl Forum 2005 conclusions (~56 direct deaths; ~4000 projected cancer deaths); total 6000+ confirmed thyroid cancer cases (15 deaths; 98% survival)","UNSCEAR 2008; Ivanov 2004 PMID:15141805; Tronko 2006 BMJ; Nikiforov 2003 PMID:14598823; RNMDR; WHO 2005 Chernobyl Forum; Cardis 2006 BMJ; nci_ukraine_thyroid_cohort_REAL.csv; thyroid_cancer_timeseries_REAL.csv","Thyroid cancer = only confirmed large-scale solid cancer excess; 6000+ cases attributable; leukemia = ~100-200 excess cases (small but statistically confirmed); other solid tumors = not confirmed at population level below 200 mGy; psychological burden exceeds physical health burden outside small highly-exposed populations; 7 million Ukrainians receive Chernobyl social benefits"
"chernobyl_groundwater_contamination_REAL.csv","aquatic_environment","10_rows","1986-2025","CEZ groundwater contamination: Sr-90 groundwater 0.5-50 Bq/L (hot spots 50-500 Bq/L near burial sites; WHO limit=10 Bq/L); Red Forest burial trenches: Sr-90 1000-100,000 Bq/L (3-4 orders above WHO); Kd sorption physics (Sr-90: Kd=1-10 L/kg; Cs-137: Kd=1000-100,000 L/kg); Cs-137 essentially immobile in groundwater; cooling pond 2014 drawdown: Sr-90 spike 102 kBq/m³; Pripyat River Sr-90 timeseries 1986-2023 (0.1-1000 Bq/L range; 2020 wildfire spike); CEZ sandy Quaternary aquifer (K=10-100 m/day; depth 1-5m); peat bog Cs-137 accumulation; Pu/Am depth profile (99% in top 5cm)","Bugai 2005 J Environ Radioact doi:10.1016/j.jenvrad.2004.07.016; Zheleznyak 1996; IAEA TECDOC-1167; Kashparov 2003 J Environ Radioact doi:10.1016/S0265-931X(02)00028-4; groundwater_timeseries_REAL.csv; red_forest_waste_sites_REAL.csv","Sr-90 vs Cs-137 groundwater behavior: Kd difference of 3-4 orders magnitude = Cs-137 essentially immobile, Sr-90 active transporter; Red Forest burials created 3-4 orders magnitude above WHO Sr-90 in monitoring wells = most severe ongoing groundwater contamination in CEZ; fuel particle dissolution continues releasing Sr-90 to groundwater on 5-25yr dissolution half-time scale"
"radiation_units_quantities_REAL.csv","nuclear_physics_reference","11_rows","reference_units","Radiation units: Bq (activity; 1 Ci=3.7×10¹⁰ Bq); Gy (absorbed dose; 1 Gy=100 rad); Sv (equivalent dose; 1 Sv=100 rem); w_R weighting factors (gamma=1; alpha=20; neutron 1MeV=20); effective dose sum (w_T organs); H*(10) ambient dose equivalent for field monitoring; specific activity formula (Cs-137=3.19 TBq/g; Pu-239=2.31 GBq/g); collective dose (person-Sv); kerma vs absorbed dose; Roentgen (1 R≈8.76 mGy); committed dose E(50); LET (alpha=80-100 keV/µm; gamma=0.2 keV/µm); ALARA principle","ICRP 103 2007; ICRU 85 2011; Attix 1986; IAEA Safety Glossary 2022; radiation_dose_limits_REAL.csv; dose_conversion_factors_REAL.csv","Alpha RBE=20 explains factor 20 in dose coefficient between alpha and gamma per Bq; LET determines RBE mechanistically via DNA DSB clustering; specific activity Pu-239=2.31 GBq/g vs Cs-137=3.19 TBq/g = 1380x difference explains why Pu-239 causes harm at microgram mass while Cs-137 requires milligram masses; Roentgen to Gray conversion critical for interpreting Soviet-era DP-5 readings"
"cez_ecosystem_ecology_REAL.csv","contamination_environment","10_rows","1986-2025","CEZ ecosystem ecology: wolf density 7-19x reference regions (Deryabina 2015); wild boar mean 46,000 Bq/kg Cs-137 (77x EU limit); tree frog melanin darkening as radiation adaptation (Burraco 2022); forest succession (40-60% agricultural land now forest); fungi highest Cs-137 transfer factors (Fv=0.03-16.7; autumn mushroom exposure pathway); lichen-reindeer pathway (Norway/Finland reindeer 100,000 Bq/kg; Sami livelihood impact); tree ring bioarchives; earthworm bioturbation (1-5 cm/yr mixing); Moller/Mousseau vs Baker bird survey controversy; cooling pond catfish 96,000 Bq/kg","Deryabina 2015 Curr Biol doi:10.1016/j.cub.2015.08.017; Burraco 2022 Evol Appl doi:10.1111/eva.13335; Baker 2016 PLOS ONE doi:10.1371/journal.pone.0153310; Strand 2002; cez_wildlife_population_census_REAL.csv; soil_plant_transfer_factors_REAL.csv","Wolves thriving 7-19x reference = human absence > radiation effect at CEZ dose rates; tree frog melanin evolution = first confirmed radiation selection in wild vertebrates; lichen-reindeer pathway = most efficient terrestrial radionuclide concentration chain (lichen Fv=10-100); cooling pond catfish 160x EU food limit but population thriving; bird controversy unresolved - Moller/Mousseau results failed independent replication by Baker 2016"
"thyroid_cancer_treatment_outcomes_REAL.csv","health_outcomes","10_rows","1990-present","Thyroid cancer treatment outcomes: PTC histology >95% (Chernobyl-associated); total thyroidectomy + RAI ablation protocol; I-131 therapeutic dose 1-3 GBq; TNM staging (PTC <55yr mostly Stage I/II); 10-20yr survival >98%; Belarus 1990-2020: 3500 cases treated; ~15 deaths; microcarcinoma overdiagnosis debate post-2005; hypoparathyroidism 1-5% surgical complication (~300 cases from 6000 surgeries); RET inhibitors (selpercatinib) for RAI-refractory RET/PTC; Chernobyl = 0.03% of global thyroid cancer burden but enormous SIR in specific cohort (SIR=13x in exposed Belarus children)","UNSCEAR 2017; UNSCEAR 2008; Schlumberger 2012 NEJM; Tuttle 2019 PMID:30667326; Wirth 2020 NEJM selpercatinib; Vaccarella 2016 NEJM doi:10.1056/NEJMra1401433; nci_ukraine_thyroid_cohort_REAL.csv; thyroid_cancer_sir_trends_REAL.csv","I-131 both causes AND treats papillary thyroid cancer; same NIS symporter mechanism used for both; diagnostic dose from contaminated milk (0.1-30 Gy) → cancer initiation; therapeutic dose deliberately administered (100-300 Gy) → cancer cure; RET/PTC rearrangements from I-131 beta DSBs = actionable molecular target (selpercatinib); microcarcinoma overdiagnosis now recognized as separate issue from true radiation-induced cancer burden"
"chernobyl_nuclear_terrorism_risk_REAL.csv","nuclear_operations","9_rows","1986-2025","Nuclear security and terrorism context: Cs-137 dirty bomb (RDD) threat analysis; IAEA Category I/II/III source classification; Chernobyl site Russian occupation 2022 security implications; ZNPP spent fuel Category I nuclear material under occupation; Red Forest trench-digging soldier exposures; NPT framework; 2020 wildfire as natural RDD analog (630 GBq Cs-137 atmospheric); Ukrainian monitoring network (>200 stations); Pripyat nuclear tourism 60,000/yr pre-war; Glasnost as Chernobyl political legacy; HBO miniseries 2019 impact","IAEA NSS No. 11 2003; Budapest Memorandum 1994; IAEA-TECDOC-1344; wildfire_resuspension_REAL.csv; modern_monitoring_REAL.csv; NEA 2024; Plokhy 2018 Chernobyl; Gorbachev 2006; zaporizhzhia_npp_2022_2025_REAL.csv","Gorbachev: 'Chernobyl was perhaps the real cause, more than any other, for the collapse of the Soviet Union'; dirty bomb Cs-137 risk: ZNPP has Category I nuclear material under military occupation without IAEA physical security guarantee; 2020 wildfire = most recent atmospheric dispersal event (630 GBq); CTBTO/EURDEP would now detect Chernobyl-scale release within hours (vs 66hr delay in 1986)"
"radiation_shielding_engineering_REAL.csv","nuclear_physics_reference","10_rows","reference_engineering","Radiation shielding engineering: buildup factor B (scatter correction; Cs-137 in concrete µx=5: B~10); 50cm concrete ~18-20x dose reduction (with buildup); HVL Pb=7mm/concrete=55mm; inverse square law (2x distance → 4x reduction); time-distance-shielding (TDS/ALARA tools); NSC steel arch shielding; spent fuel pool 6m water cover (2^67 gamma reduction); TLD dosimeter physics (LiF crystal; ±5-15%; manipulated at Chernobyl); neutron shielding hydrogen-rich materials; respirator PF-1 (P3 filter for hot particles); lead vest limitations (3mm=15% dose reduction)","Blizard 1962 Reactor Handbook; NCRP Report 49; Attix 1986; Glasstone Sesonske 1967; IAEA Safety Series; chernobyl_shelter_sarcophagus_REAL.csv; gamma_ray_interaction_physics_REAL.csv; zaporizhzhia_npp_2022_2025_REAL.csv","Buildup factor correction critical: 50cm concrete without buildup would appear to give 545x reduction (2^9.1); with buildup B~30: actual 18x; explains measured dose rates in shelter vs calculations; spent fuel pool water = most effective passive shielding (HVL=9cm; 6m cover = 10^20 reduction); TLD records at Chernobyl systematically falsified → retrospective biological dosimetry required"
"quantum_nuclear_physics_fundamentals_REAL.csv","nuclear_physics_reference","11_rows","fundamental_quantum_physics","Quantum nuclear physics: semi-empirical mass formula (Bethe-Weizsäcker); nuclear shell model (Mayer Jensen 1949; magic numbers 2/8/20/28/50/82/126); Breit-Wigner resonance cross section formula; Xe-135 giant resonance at 0.084 eV coincides with thermal spectrum; Doppler broadening mechanism (Maxwell-Boltzmann velocity distribution → U-238 resonance broadening with T); radioactive decay law N(t)=N₀exp(-λt); Gamow tunneling factor for alpha decay (Pu-239 t½=24110yr from Coulomb barrier tunneling); weak force beta decay V-A theory CKM matrix; pair production QED threshold 1.022 MeV; fission Q=200 MeV distribution; Ba-137m isomeric state (t½=2.552min; 662 keV); QCD nuclear force origin","Bethe Weizsäcker 1935; Mayer Jensen 1949; Breit Wigner 1936; Gamow 1928; Fermi 1934; Klein Nishina 1929; NNDC; Yukawa 1935","Magic numbers N=50 and N=82 from nuclear shell model DIRECTLY explain why Cs-137 and Sr-90 are dominant Chernobyl fission products; Xe-135 quantum resonance at 0.084 eV explains reactor poisoning; Gamow tunneling explains why Pu-239 (24,110yr) lives long enough to be a concern in CEZ; Doppler broadening explains why reactors are self-limiting; ALL of Chernobyl's 40-year legacy encoded in QCD+QED+weak force parameters"
"stochastic_deterministic_effects_REAL.csv","nuclear_physics_reference","10_rows","radiobiology_fundamentals","Deterministic vs stochastic radiation effects: deterministic (tissue reaction): threshold required; severity increases with dose; ARS threshold 0.7 Gy; cataract ICRP 118 threshold 0.5 Gy (reduced from 2 Gy based on Chernobyl Worgul study n=8607); stochastic: LNT model (no threshold; probability proportional to dose); A-bomb survivor LNT basis; DDREF=1.5-2 for low dose/rate; CVD ERR/Gy=0.47 (Kashcheev 2015 n=53,772); solid tumor excess not confirmed <200 mGy; heritable effects not confirmed in humans (Hiroshima/Chernobyl); hormesis hypothesis (ICRP rejects; insufficient evidence)","ICRP 103 2007; ICRP 118 2012; BEIR VII 2006; UNSCEAR 2008/2012; Kashcheev 2015; Worgul 2007 PMID:17267613; contested_radiation_science_REAL.csv; ars_cases_REAL.csv; liquidator_noncancer_effects_REAL.csv","ARS threshold 0.7 Gy = confirmed deterministic; only ARS cases (n=134) and some firefighters with beta burns are confirmed deterministic Chernobyl victims; cataract threshold revision to 0.5 Gy = direct result of Chernobyl Worgul study; changed global occupational eye dose limit 150 mSv/yr → 20 mSv/yr; stochastic excess (6000+ thyroid cancers; ~100-200 leukemia) confirmed; other solid tumors not confirmed statistically"
"chernobyl_social_displacement_REAL.csv","socioeconomic","9_rows","1986-2025","Social displacement: 350,000 permanently displaced (116,000 immediate + 235,000 staged); Pripyat ghost city (49,360 evacuated; never returned); resettlement failures (samosely self-settlers; 700-1200 returned illegally); Ukrainian social benefit system (7M beneficiaries; 1-2% GDP cost); radiation stigma (marriage/employment discrimination; fertility decline); educational/scientific legacy (RNMDR; NCI UkrAm; WANO); mental health primary burden (depression 2x; PTSD; fatalism); Ukrainian independence Chernobyl link 1990-1991; international aid response (EBRD €820M Shelter Fund; G7 1995 MOU linked to Unit 3 closure)","UNDP 2002 Human Consequences; WHO 2006 Chernobyl Forum; Plokhy 2018; Marples 1988; EBRD; chernobyl_economic_impact_REAL.csv; neuropsychiatric_longterm_health_REAL.csv","350,000 displaced = largest radiological-caused displacement in history (vs Fukushima ~150,000 mostly temporary); 7M social benefit recipients = 16% Ukrainian population; Ukrainian independence movement explicitly cited Chernobyl as Soviet grievance; Chernobyl mental health burden (depression 2x; suicide elevation; fatalism) exceeds physical health burden for vast majority of exposed population outside ARS cases and thyroid cancer patients"
"environmental_dose_biota_REAL.csv","contamination_environment","9_rows","1986-present","Environmental dose to biota: ICRP 108 (2008) screening dose rates (<1 mGy/day no population effects; >10 mGy/day significant effects); dose rate to deer in CEZ 0.03-3.0 mGy/day; soil organisms (earthworms): 0.5-5 mGy/day typical CEZ; Red Forest 1986 trees: >50 mGy/day (killed); catfish cooling pond: 0.01-0.1 mGy/day (below fish screening); ERICA tool application (Beresford 2022 n=44 taxa); natural background 0.001-0.01 mGy/day; Am-241 growing = increasing alpha dose to biota; chronic swallow effects (Moller/Mousseau vs UNSCEAR 2021 contested)","ICRP 108 2008; Beresford 2022; Copplestone 2011 J Radiol Prot; Baker 2016 PLOS ONE; Moller Mousseau 2011 Ecol Lett doi:10.1111/j.1461-0248.2011.01618.x; cez_wildlife_population_census_REAL.csv; cez_ecosystem_ecology_REAL.csv","Red Forest trees died at >50 mGy/day 1986 = ONLY confirmed radiation-caused population extinction in CEZ; by 2026 most CEZ habitats below 1 mGy/day ICRP 108 screening; wildlife thriving demonstrates human removal > radiation effect at current dose rates; Am-241 will increase biota alpha dose over next 35 years as it peaks at 2058 (unique post-Chernobyl environmental trajectory)"
"chernobyl_key_numbers_reference_REAL.csv","nuclear_physics_reference","36_rows","comprehensive_cross_reference","Master reference: 36 key numbers cross-linked to all other files; categories: source term (85 PBq Cs-137; 1760 PBq I-131; 0.013 PBq Pu-239+240); accident physics (01:23:44 explosion; ORM=8; 30 MWth xenon pit; >30,000 MWth excursion; 300 GJ energy; Xe-135 2.65×10⁶ barns; β_eff=0.0065); half-lives (Cs-137=30.17yr; Sr-90=28.8yr; Am-241 peak 2058.7; Pu-239=24,110yr); health (134 ARS; 6000+ thyroid cancers; ICRP cataract threshold 0.5 Gy; liquidator mean 117 mSv); environment (CEZ 125,000 km²; Pripyat 4.932 µSv/hr; 630 GBq wildfire 2020); decommissioning (NSC 108×162×257m; 2064 target); war (ZNPP March 4 2022; 70x spike; NSC drone Feb 2025); context (nuclear tests 948 PBq = 11x Chernobyl; K-40 4400 Bq)","All files in /resr/chernobyl/data/; see cross_reference_file column for specific files","Single-stop reference for all key Chernobyl numbers; all values sourced; cross-linked to primary data files; organized by category; derivations provided where applicable; useful for quick numerical verification across project"
"nuclear_emergency_planning_REAL.csv","nuclear_operations","9_rows","emergency_planning_reference","Nuclear emergency planning: IAEA EPZ inner zone 3-5km (PAZ); outer zone 10-30km (UPZ); Protective Action Levels (PAL): evacuation 20-100 mSv; KI 50-500 mGy thyroid; post-Fukushima EPZ revisions (expanded 50km USA review); KI effectiveness (>90% reduction if taken before/within 1hr; pre-positioning essential); Soviet PAL 350 mSv vs IAEA 20-100 mSv = 3.5x too high; INES scale history (post-Chernobyl 1990; only 2 Level-7 events ever); iodine deficiency amplification (Soviet 1986 population 1.5-3x amplified thyroid dose); emergency communication 66hr delay vs modern 1hr standard","IAEA GS-R-2 2002; IAEA GSG-2 2011; IAEA GSR Part 7 2015; ICRP 109 2007; international_response_1986_REAL.csv; contamination_zones_REAL.csv; iodine_atmospheric_chemistry_REAL.csv; zaporizhzhia_npp_2022_2025_REAL.csv","Soviet 350 mSv evacuation threshold = 3.5x current IAEA standard; if modern PAL applied in 1986: Pripyat evacuated immediately April 26; KI distributed April 26; thyroid cancers 30-60% less; KI must be pre-positioned (post-event distribution fails); Poland 1986 = only success case; ZNPP: no EPZ implementation possible under Russian occupation"
"historical_contamination_context_REAL.csv","nuclear_operations","10_rows","comparative_contamination_history","Historical contamination comparisons: Mayak/Kyshtym 1957 (INES-6; 74 PBq total; Sr-90=20 PBq=2x Chernobyl; Cs-137=0.04 PBq); Windscale 1957 (INES-5; I-131=0.74 PBq; graphite fire like RBMK; both no containment); nuclear weapons testing global (Cs-137=948 PBq=11x; Sr-90=622 PBq=62x; Pu-239=11 PBq=800x); Semipalatinsk test site population exposure; Goiania 1987 CsCl (INES-5; 50 GBq); Fukushima 2011 (INES-7; Cs-137=15-20 PBq=1/5 Chernobyl); Mayak Techa River discharges (ERR/Gy matches Chernobyl); 1982 Chernobyl Unit 1 meltdown (KGB classified until 2016); TMI 1979 (containment held; ~0 Cs-137 released); Ru-106 2017 (250 TBq; Russia denied)","IAEA safety series; Medvedev 1979; UNSCEAR 2000; nuclear_accident_history_comparison_REAL.csv; fukushima_chernobyl_comparison_REAL.csv; reactor_types_physics_comparison_REAL.csv; ru106_2017_europe_REAL.csv","Windscale + Chernobyl: both graphite-moderated + no containment → same physical cause of large release; TMI + VVER: both PWR-type + containment → same physical reason for zero/small release; this pattern confirms: graphite moderated reactors without containment are inherently more accident-vulnerable; Techa River cohort ERR/Gy = same as Chernobyl liquidators = strong cross-validation of LNT dose-response"
"cez_management_regulations_REAL.csv","nuclear_operations","9_rows","1986-2026","CEZ legal framework and management regulations: Ukraine Law 796-XII 1991 (4 zone classification system: Alienation/Unconditional Resettlement/Guaranteed Voluntary Resettlement/Enhanced Ecological Control based on Cs-137 kBq/m²); Zone of Alienation 2600 km²; SNRIU radiation monitoring network (>30 permanent stations + SaveEcoBot commercial API + EURDEP European integration); scientific access permit protocols (2-4 week approval; TLD+alarm dosimeter mandatory); food/agriculture prohibition in CEZ; 100ha IAEA experimental non-food agriculture trial 2019+ (sunflower biodiesel; energy crops); waste management 2026 (ISF-2 loading target 2028; Red Forest trench monitoring; liquid waste treatment); UNESCO World Heritage nomination (postponed 2022 due to war); CEZ worker dose limit 20 mSv/yr (EU-harmonized)","Ukraine Law No. 796-XII 1991; SNRIU regulatory authority; SSE CHNPP; IAEA TECDOC-1348; SaveEcoBot; cez_research_2022_2025_REAL.csv; chernobyl_decommissioning_physics_REAL.csv; red_forest_waste_sites_REAL.csv","Zone classification system 1991 directly derived from contamination maps; outer zones still have >100,000 residents receiving social benefits; 100ha IAEA trial demonstrates: non-food productive use of contaminated land feasible even without full decontamination; samosely self-settlers accept elevated exposure for cultural/agricultural connection to land; UNESCO nomination adds heritage protection framework to existing radiation protection framework"
"radioactive_noble_gases_REAL.csv","nuclear_physics_reference","9_rows","1986-2026","Noble gas release and monitoring: Xe-133 4700 PBq + Kr-85 33 PBq = 6500 PBq total (largest Chernobyl release category by activity; first international detection); Xe-133 t½=5.24d; Kr-85 t½=10.76yr; Xe-135 core poisoning (2.65×10⁶ barns resonance at 0.084eV); Ar-41 (1.82hr; decayed within 36hr); CTBTO IMS noble gas network (80 stations; 4-xenon fingerprint for nuclear explosion vs reactor); dose calculation: submersion dose coefficient for Xe-133 = 4.4×10⁻¹⁵ Sv/(Bq·s·m⁻³); total collective dose ~70,000 person-Sv (10% of total despite 70% of activity); Rn-222 natural background; medical isotope vs accident discrimination; atmospheric transport (Xe-133 → North America May 5-6 1986)","UNSCEAR 2008 Annex D; Persson 1987 J Environ Radioact doi:10.1016/0265-931X(87)90095-8; CTBTO PrepCom; radioactive_decay_chains_REAL.csv; xenon_135_poisoning_REAL.csv; atmospheric_transport_plume_REAL.csv","Noble gas 6500 PBq = 70% of total Chernobyl activity released BUT only 10% of collective dose; activity:dose inversion illustrates critical lesson: activity release statistics mislead without dose pathway analysis; Xe-133 = first definitive external indicator of accident (Forsmark April 28); CTBTO IMS specifically designed post-Chernobyl to detect noble gas signatures from nuclear events globally"
"dose_reconstruction_RADRUE_REAL.csv","health_outcomes","9_rows","1986-2010","RADRUE dose reconstruction methodology: Monte Carlo dose reconstruction for 110,645 Ukrainian and 69,595 Belarusian liquidators; 4 input streams (individual interviews; JEM job-exposure matrix; ambient dose rate data; Soviet badge records with quality correction); individual uncertainty GSD=2.0-3.5; EPR tooth enamel dosimetry (34 mGy detection limit; ±15-20 mGy 1σ); FISH chromosome translocation dosimetry; Soviet 35 rem badge cap documented (underestimation factor 1.5-3 average; up to 15× for roof workers); liquidator dose distribution: mean 117 mSv; median 87 mSv; GSD=2.3; ~60,000-80,000 person-Sv collective; thyroid measurement 400,000 individuals 1986 (mostly too late; I-131 3-5 half-lives decayed)","Cardis 2005 J Radiol Prot doi:10.1088/0952-4746/25/3/R01; Drozdovitch 2007 Health Phys 93(4):343-361; Sholom 2000 Radiat Meas; retrospective_dosimetry_methods_REAL.csv; unscear_liquidator_doses_REAL.csv; nci_ukraine_thyroid_cohort_REAL.csv","RADRUE is gold standard for retrospective dose reconstruction; EPR/FISH validation confirms systematic badge underestimation; RADRUE ERR/Gy estimates may be CONSERVATIVE (doses likely underestimated → true ERR/Gy could be lower than derived); methodology subsequently adapted for Fukushima worker dose reconstruction"
"soil_radionuclide_migration_REAL.csv","contamination_environment","8_rows","1986-2026","Soil radionuclide migration physics: Kd distribution coefficient (Cs-137: 1,000-100,000 L/kg; Sr-90: 1-20 L/kg in sandy soil); retardation factor R = 1+(ρ/θ)×Kd; FES frayed edge sites on illite clay (Cs fixation mechanism; Kd×10,000 → essentially immobile); Cs-137 90% in top 5cm after 40yr; Sr-90 migrated 5-40cm → reaching groundwater; Pu-239/Am-241 >99% top 5cm (immobile); peat bog distinct from mineral soil; soil speciation aging: exchangeable Cs fraction 25% (1991) → 8% (2001) → TF decreasing over time; fuel particle dissolution half-time 5-25yr (Sr-90 release ongoing); K-fertilizer/liming countermeasures","Cremers 1988 Nature doi:10.1038/340563a0; Bugai 2005 J Environ Radioact doi:10.1016/j.jenvrad.2004.07.016; soil_plant_transfer_factors_REAL.csv; chernobyl_groundwater_contamination_REAL.csv; fuel_particle_contamination_REAL.csv; red_forest_waste_sites_REAL.csv","Kd ratio Cs:Sr = 100-1000× explains observation: Cs-137 stays at surface (surface dose rate concern) while Sr-90 reaches groundwater (drinking water pathway); fuel particle dissolution = ongoing Sr-90 source term to groundwater; aging effect (Cs fixation) means current Cs-137 TF is 3-5× lower than 1986 models predicted → past dose projections were overestimates"
"internal_dosimetry_chernobyl_REAL.csv","health_outcomes","8_rows","1986-2026","Internal dosimetry methods and pathways: WBC detection limit 270 Bq Cs-137 (5min 4π NaI); thyroid scanning I-131 (directional NaI at neck; Soviet 1986 measurements too late by 3-5 half-lives); ICRP 66 lung model clearance classes F/M/S; milk ingestion pathway dominant for I-131 in 1986 (Fm cow = 0.004 d/L; no Soviet milk ban until 10 days); ICRP 72 dose coefficients (I-131 1yr child 1.8×10⁻⁶ Sv/Bq vs adult 2.2×10⁻⁷ = 8×; I-131 net child:adult factor 36-50× including smaller thyroid and iodine deficiency); Prussian Blue decorporation (3g/day; t_b 70d→35d); Cs-137 biokinetics (muscle distribution; K analog; t_b2=110d adult vs 22d child); Sr-90 bone-seeker (t_b bone ~50yr; WBC cannot detect → urine assay)","ICRP 72 1996; ICRP 67 1993; ICRP 66 1994; Balonov 2007; cs137_body_burden_ukraine_REAL.csv; iodine_atmospheric_chemistry_REAL.csv; unscear_evacuee_thyroid_doses_REAL.csv; dose_conversion_factors_REAL.csv","I-131 child:adult net dose factor 36-50× = fundamental explanation for why thyroid cancer is age-specific pediatric excess; milk pathway = highest dose contributor (Soviet 10-day milk ban failure = major preventable harm); Prussian Blue interrupts enterohepatic recycling not direct body burden removal; Sr-90 bone seeker with ~50yr biological half-life = permanent internal exposure unless captured early"
"cesium_strontium_environmental_chemistry_REAL.csv","contamination_environment","8_rows","chemistry_reference","Cs-137 and Sr-90 environmental chemistry: Cs chemical properties (Group 1; Cs⁺ = K analog; all Cs salts highly water-soluble; FES sorption mechanism in illite clay; fixation = irreversible on decades timescale); Sr chemical properties (Group 2; Sr²⁺ = Ca analog; SrSO₄ sparingly soluble; SrCO₃ very low solubility); Cs-137 speciation aging in soil (exchangeable fraction 25%→8% over 1991-2001); AFCF Prussian Blue soil amendment (TF reduction 5-20×); K-fertilizer (Cs TF reduction 2-5×; K saturation mechanism); liming (Sr-90 TF reduction 40-60%; SrCO₃ precipitation + Ca competition); stable Cs in environment (3 ppm crust; pre-1945 no Cs-137/Sr-90 existed = entirely anthropogenic)","Cotton Wilkinson Inorganic Chemistry; Cremers 1988; Avery 1996 Environ Int; Konopleva 1999; soil_plant_transfer_factors_REAL.csv; soil_radionuclide_migration_REAL.csv; decontamination_countermeasures_REAL.csv","All Cs-137 and Sr-90 in environment = entirely anthropogenic (man-made since 1945); no natural background; Cs-137 released from Chernobyl as water-soluble CsOH aerosol → immediately bioavailable on deposition; Sr-90 in insoluble fuel particles near NPP → slow dissolution release; aging effect: Cs fixation reduces TF 3-5× over 40yr = passive environmental remediation; combined K+lime+AFCF treatment most cost-effective for outer zone agriculture"
"nuclear_forensics_attribution_REAL.csv","nuclear_physics_reference","8_rows","forensic_methodology","Nuclear forensics attribution methods: Cs-134/Cs-137 ratio = primary Chernobyl fingerprint (0.57 at deposition May 1986; ratio = 0 by 2026 = Cs-134 fully decayed after 19.4 half-lives); current attribution uses: Pu-240/Pu-239 ratio (26-28% = reactor-grade vs <7% weapons-grade); Am-241/Pu-239 growing toward 2058.7 peak = unique Chernobyl temporal signature; Ru-106 2017 case study (single-isotope release → reprocessing attribution; Mayak origin); Forsmark 1987 back-calculation (Cs-134 + Cs-137 in 0.5 ratio + noble gases → reactor accident attribution within hours); source term inversion (atmospheric transport model backward from >30 detection stations); NFPL IAEA library; Pu isotope ratio → burnup determination ±2000 MWd/t precision","Persson 1987 J Environ Radioact; IAEA Nuclear Security Series 2; Ketterer 2004 J Environ Radioact; CTBTO PrepCom; nuclear_fuel_cycle_burnup_REAL.csv; am241_ingrowth_timeseries_REAL.csv; ru106_2017_europe_REAL.csv; atmospheric_dispersion_parameters_REAL.csv","Cs-134/Cs-137 = most important forensic signature from 1986-2005; Cs-134 now fully decayed; current Chernobyl attribution: Am-241 temporal signature + Pu isotope ratios + geographic distribution; Forsmark 1987 detection demonstrates: modern EURDEP network would achieve same attribution within 2-4 hours; forensic capability now far exceeds 1986 level"
"chernobyl_spent_fuel_isf2_REAL.csv","nuclear_operations","8_rows","2020-2028","ISF-2 dry cask storage: capacity 21,217 RBMK assemblies; Holtec VSM (Ventilated Storage Modules); passive air cooling; 1,698 assemblies loaded Jan 2022; loading halted during Russian occupation (Mar-Apr 2022); resumed April 2022; target completion 2028; total Pu-239 in full ISF-2: ~4,668 kg; decay heat per assembly at 25yr cooling: 39 W (passive easily managed); criticality safety: no moderator → k_eff <0.8 with burnup credit; ISF-2 surface dose rate <2 mSv/hr; corium Unit 4 (170-220t FCM): stable; no removal plan; NSC prevents water infiltration; IAEA safeguards: inventory verification + C/S + remote monitoring; ANS-5.1 decay heat formula P(t)/P₀","Holtec International; IAEA SSG-15; SSE CHNPP; chernobyl_decommissioning_physics_REAL.csv; corium_fcm_physics_REAL.csv; rbmk_fuel_specifications_REAL.csv; nuclear_fuel_cycle_burnup_REAL.csv","ISF-2 passive safety = major improvement over ISF-1 wet pool (no Fukushima-class station blackout risk); 4,668 kg Pu-239 in ISF-2 = 55× critical mass but embedded in UO₂ ceramic matrix → non-extractable without reprocessing; corium removal = no viable technology; NSC 100-year strategy allows decay of remaining gamma-emitters before detailed decommissioning assessment"
"rbmk_thermal_hydraulics_REAL.csv","nuclear_physics_reference","8_rows","reactor_thermal_hydraulics","RBMK-1000 thermal hydraulics: two main circulation loops; 14,000-16,000 kg/s total flow; 265°C inlet; 14% steam quality outlet; 7.0-7.5 MPa operating; critical heat flux (CHF) 1500-2000 kW/m² (exceeded during excursion as heat flux rose 150×); positive void coefficient mechanism vs PWR negative void coefficient (detailed); density wave oscillations (DWO) instability at low power; ECCS disabled during test; SWS steam drum separation; zirconium-water reaction (ΔH=-602 kJ/mol; hydrogen production → detonation potential); graphite combustion > 700°C; Zr-water reaction contributing ~11,000-33,000 GJ additional energy","INSAG-7 IAEA 1992; Glasstone Sesonske 1967; rbmk_void_coefficient_physics_REAL.csv; chernobyl_accident_chronology_REAL.csv; historical_contamination_context_REAL.csv","ECCS disabled = critical operational violation; even with ECCS active: 4-second power excursion too fast to prevent core destruction; Zr-water reaction drove H₂ production → possible detonation component of second explosion; graphite combustion = reason for prolonged 14-day release vs containment-equipped reactor accidents (TMI; VVER); CHF exceedance sequence = initial physical mechanism of fuel fragmentation and dispersal"
"iodine_thyroid_physiology_REAL.csv","nuclear_physics_reference","8_rows","thyroid_physiology","Thyroid/iodine physiology: NIS symporter (SLC5A5; secondary active transport; 20-200× concentration factor; KI competitive inhibition mechanism); thyroid hormone synthesis (NIS→TPO organification→coupling→T3/T4); KI prophylaxis mechanism (Wolff-Chaikoff block + competitive dilution; >90% effective < 1hr before exposure; <10% after 8hr); iodine deficiency 1.5-3× amplification of thyroid dose; RET/PTC rearrangement mechanism (I-131 beta → chromosome 10 DSBs → RET proto-oncogene activation → MAPK uncontrolled growth); I-131 dose coefficient 8× higher in 1yr child vs adult; net child:adult dose factor 36-50× (dose coeff × smaller thyroid × iodine deficiency); minimum latency 3-5yr; surveillance effect post-2005; TSH feedback and goiter in iodine-deficient populations","Dai 1996 PNAS; Carrasco 1993 Nature; ICRP 56; Nikiforov 2003 PMID:14598823; thyroid_cancer_timeseries_REAL.csv; iodine_atmospheric_chemistry_REAL.csv; decontamination_countermeasures_REAL.csv; unscear_evacuee_thyroid_doses_REAL.csv","NIS simultaneously explains I-131 carcinogenesis AND I-131 therapy (same transporter); RET/PTC rearrangements are radiation-specific molecular signature confirming radiation causality at biological mechanism level; net 36-50× child vs iodine-sufficient adult factor = explains why thyroid cancer is EXCLUSIVELY pediatric excess; KI failure in Soviet Union = Soviet milk ban failure = most preventable harm from Chernobyl"
"uranium_thorium_decay_series_REAL.csv","nuclear_physics_reference","8_rows","natural_decay_series","Natural decay series: U-238 series (14 members → Pb-206; 8 alphas; ΔE=51.7 MeV/chain); U-235 series (11 members → Pb-207; actinium series); Th-232 series (10 members → Pb-208; thoron Rn-220 t½=56s vs Rn-222 t½=3.82d); secular equilibrium definition (A_parent=A_daughter; established in 5-10 × t½_daughter); Rn-222 health physics (indoor action level 100 Bq/m³; 3-10 mSv/yr at 100 Bq/m³; Po-218 and Po-214 = critical alpha progeny in lung); K-40 (4400 Bq in 70kg body; 0.17 mSv/yr; homeostasis regulated; 0.0117% natural K); Pb-210/Po-210 seafood pathway (100 Bq/kg shellfish); natural U in soil (25-60 Bq/kg); Chernobyl fuel not in secular equilibrium (2-4yr irradiation << Th-230 equilibrium time)","Bateman 1910; NNDC; UNSCEAR 2000 Annex B; ICRP 115 2010; natural_background_radiation_REAL.csv; quantum_nuclear_physics_fundamentals_REAL.csv; am241_ingrowth_timeseries_REAL.csv","Secular equilibrium concept critical: Ba-137m ALWAYS in equilibrium with Cs-137 (2.55min << 30yr); Am-241 NOT in equilibrium with Np-237 (432yr; only 40yr elapsed); natural Rn-222 adds 1-2 mSv/yr in CEZ independent of Chernobyl contamination; all Cs-137 and Sr-90 in current environment = entirely anthropogenic (no natural production pathway; pre-1945 = zero)"
"liquidator_cardiovascular_REAL.csv","health_outcomes","8_rows","1991-2008","Liquidator cardiovascular and non-cancer effects: CVD ERR/Gy=0.47 (95% CI: 0.31-0.63; Kashcheev 2015; n=53,772; 17yr follow-up); cerebrovascular ERR/Gy=0.46 (consistent with A-bomb survivors: 0.53); radiation CVD mechanism (endothelial dysfunction; oxidative stress; TGF-β fibrosis; microvascular damage); confounders: alcohol (~60% heavy drinkers); smoking; socioeconomic stress; dose-response validates causality above confounders; chronic radiation syndrome (CRS; Soviet concept; not ICRP-recognized); cataract ICRP 118 threshold revised from 2 Gy → 0.5 Gy (Worgul 2007 n=8607 liquidators; changed global eye dose limit 150→20 mSv/yr); leukemia ERR/Gy=1.52 (Zablotska 2013; ~100-200 excess cases); stroke ERR/Gy=0.46; CVD+stroke mortality > cancer mortality in liquidator cohort","Kashcheev 2015 Radiat Environ Biophys 54(2):163-173; Worgul 2007 PMID:17267613; Zablotska 2013; ICRP 118 2012; liquidator_health_outcomes_REAL.csv; stochastic_deterministic_effects_REAL.csv; neuropsychiatric_longterm_health_REAL.csv","Cataract threshold revision to 0.5 Gy (from single Chernobyl study) changed global occupational eye dose limit 150→20 mSv/yr = most direct Chernobyl-to-policy translation in radiation protection history; CVD+stroke mortality likely exceeds cancer mortality in liquidators = paradigm shift from cancer-dominant risk model; psychosocial stress component cannot be separated from radiation-direct CVD contribution"
"chernobyl_post_accident_milestones_REAL.csv","historical_context","10_rows","1986-2025","Post-accident milestone timeline: May 1986 sarcophagus construction (206 days; 200,000 workers); August 1986 Legasov Vienna IAEA presentation (glasnost in nuclear safety; 5hr disclosure; 500 delegates); September 1986 IAEA CENNA treaty (66hr delay → binding international law in 5 months); 1989 WANO establishment; December 1991 USSR dissolution (Chernobyl as contributing cause; Gorbachev quote); December 1994 Budapest Memorandum (Ukraine denuclearized in exchange for security assurances; violated 2022); December 2000 Unit 3 final shutdown (G7 MOU 1995; last RBMK at ChNPP); November 2016 NSC slid over sarcophagus (€1.5B; 36,000t; 100yr design); February 2022 Russian invasion (35-day occupation; March 31 withdrawal); February 2025 NSC drone strike (6m breach; €31M repair; structural integrity maintained)","IAEA CENNA 1986; WANO; Plokhy 2018; EBRD; INSAG-7 1992; chernobyl_shelter_sarcophagus_REAL.csv; zaporizhzhia_npp_2022_2025_REAL.csv; modern_monitoring_REAL.csv","Legasov Vienna = first glasnost moment in Soviet nuclear culture; Budapest Memorandum = Chernobyl's geopolitical legacy (Ukraine's 3rd-largest arsenal abandoned for security guarantees later violated); NSC slid 2016 = largest movable structure ever built at time; 2022 occupation = nuclear security crossed new threshold (first time operating nuclear site occupied by military force in Europe)"
"nuclear_power_global_context_REAL.csv","nuclear_operations","8_rows","1986-2026","Global nuclear power context: ~415 GWe operating; ~440 reactors; 32 countries; deaths/TWh (nuclear=0.03; coal=2.8; Chernobyl+Fukushima included); nuclear post-Chernobyl industry effect (new orders stopped USA; 10 reactors cancelled Germany; 20-30yr expansion delay Western countries); RBMK status (11 still operating Russia 2026; modified post-1986); public perception polling (dropped 50-60%→30% post-Chernobyl; further drop post-Fukushima; recent recovery from climate/energy security concerns); nuclear economics (LCOE: existing $30-40/MWh; new $80-200/MWh; fuel = 5% of LCOE); Generation IV passive safety features; SMR development status; Onkalo permanent repository (Finland; 2025 first operation; only operational geological repository); nuclear vs renewables low-carbon comparison","IAEA PRIS 2026; NEA 2022; Ritchie 2020 Our World in Data; reactor_types_physics_comparison_REAL.csv; chernobyl_economic_impact_REAL.csv; rbmk_safety_modifications_REAL.csv; chernobyl_decommissioning_physics_REAL.csv","Nuclear industry's worst accident (INES-7 Chernobyl) had 56 confirmed direct deaths; comparable energy from coal kills millions via air pollution; public risk perception inverted from statistical reality; Chernobyl delayed nuclear expansion by 20-30yr in West = increased fossil fuel use = net negative for health (air pollution) and climate; Onkalo operational = proof that geological disposal of nuclear waste is technically solvable; waste disposal argument against nuclear partially addressed"
"plutonium_environmental_fate_REAL.csv","contamination_environment","8_rows","1986-2100","Plutonium environmental fate: Pu-239 released 8.5 TBq (0.0085 PBq); Pu-241 released 6 PBq (highest Pu activity; decays to Am-241); total Pu mass released ~4-6 kg (96-97% remained in corium); NW direction 10km hot spots >400 kBq/m²; Pu-239 Kd=50,000-500,000 L/kg (immobile); >99% in top 5cm; Pu inhalation dose coefficient 3.2-7.1×10⁻⁵ Sv/Bq (1000× ingestion); fuel particle AMAD 4-150 µm → nasal/bronchial deposition (less deep lung dose); Pu TF vegetables 0.001-0.01 (100-1000× lower than Cs-137); Pu dietary dose negligible vs Cs-137; Bateman equation for Pu-241→Am-241: peak 2058.7 in CEZ soils; Np-237 emerging from Am-241 after ~1000yr (long-term concern; more mobile Kd=10-1000); CEZ Pu security (reactor-grade + dispersed + safeguarded = not extractable)","01_source_term_REAL.csv; am241_ingrowth_timeseries_REAL.csv; fuel_particle_contamination_REAL.csv; soil_radionuclide_migration_REAL.csv; chernobyl_nuclear_terrorism_risk_REAL.csv; nuclear_fuel_cycle_burnup_REAL.csv","Pu-241 → Am-241 ingrowth = growing alpha hazard in CEZ soils until 2058.7; unique post-Chernobyl environmental trajectory; Pu dietary pathway negligible (TF 100-1000× lower than Cs-137); inhalation = dominant Pu pathway for liquidators working in contaminated soil; CEZ = unintentional long-term Pu migration experiment providing data for deep repository performance assessment"
"radiobiology_genomic_instability_REAL.csv","nuclear_physics_reference","8_rows","1984-present","Radiation-induced genomic instability (RIGI): delayed chromosome aberrations in progeny cells 10-20+ generations post-irradiation (Kadhim 1992); mechanism proposals: epigenetic changes; mitochondrial ROS; telomere dysfunction; bystander effect (adjacent unirradiated cells damaged via gap junctions or cytokines: NO; TGF-β; TNF-α; H₂O₂); abscopal effect (distant tumor regression via immune system); NHEJ vs HR repair kinetics (NHEJ fast 30min; error-prone; HR slow 2-8hr; error-free; S/G2 phase only); γH2AX foci formation (minutes; resolves ~4hr; persistent elevation in some liquidators 30+ years); LET and RBE mechanistic basis (clustered DSBs from high-LET alpha = poorly repaired); adaptive response (low-dose priming reduces subsequent damage); heritable effects: NOT confirmed in humans after nuclear exposures (UNSCEAR 2001/2008; Chernobyl + A-bomb)","Kadhim 1992 Br J Cancer 67:367; UNSCEAR 2012 Annex C; Morgan 2003; Nikiforov 2003; radiation_biology_mechanisms_REAL.csv; stochastic_deterministic_effects_REAL.csv; contested_radiation_science_REAL.csv","RIGI and bystander effect = real laboratory phenomena with uncertain quantitative in vivo significance; not incorporated in current LNT-based radiation protection standards; heritable effects not confirmed in humans even at Chernobyl/A-bomb doses; adaptive response real but not sufficient evidence to modify LNT; NHEJ error → chromosome 10 break → RET/PTC fusion = specific molecular mechanism linking I-131 beta radiation to thyroid cancer initiation"
"chernobyl_international_scientific_programs_REAL.csv","historical_context","8_rows","1986-2026","International scientific programs: UN Chernobyl Forum 2005 (~56 confirmed deaths; ~4000-6000 projected thyroid cancer deaths; psychological burden primary; no confirmed birth defect increase); UNSCEAR assessments 1988-2018 (2008 Annex D = primary 165-page reference); NCI UkrAm/BelAm thyroid study (ERR/Gy=1.91; n=13,127 Ukrainian); STAR radioecology consortium (EU FP7; 44-taxa ERICA dose assessment; Beresford 2022); IAEA MODAS dose reconstruction model (1986-present; millions of individuals); Chernobyl Tissue Bank (3000+ tumor samples; RET/PTC discovery; BRAF vs RET/PTC spectrum); HYSPLIT/FLEXPART atmospheric modeling (ERA5 reanalysis; plume reconstruction ±30%); RNMDR Russian registry (200,000 liquidators; annual exams; 1991-present; Kashcheev 2015 CVD; Ivanov 2004 leukemia)","WHO 2006; UNSCEAR 2008; Tronko 2006 BMJ; Beresford 2022; CTB; RNMDR; nci_ukraine_thyroid_cohort_REAL.csv; liquidator_health_outcomes_REAL.csv; environmental_dose_biota_REAL.csv","UN Chernobyl Forum = authoritative multi-agency synthesis; RNMDR = world's largest ongoing radiation-exposed occupational cohort; Chernobyl Tissue Bank = largest radiation-associated cancer biobank globally; MODAS + RADRUE = complementary dose reconstruction tools for public vs liquidator populations; STAR CEZ results = no current population-level effects in most species; all programs continue providing data 40 years post-accident"
"reactor_criticality_kinetics_REAL.csv","nuclear_physics_reference","8_rows","nuclear_physics_fundamentals","Reactor criticality kinetics: reactor period equation T_r = Λ/(ρ-β_eff); delayed neutron 6 groups for U-235 (β_eff=0.0065; mean delayed lifetime 13s; controllability window); dollar ($) unit = β_eff = prompt critical boundary; four-factor formula k_∞=η×ε×p×f (RBMK specifics: graphite moderator → H₂O absorption removed when void forms → f increases → positive void coefficient physics derived from first principles); neutron multiplication chain (52.6 generations for 200→30,000 MWth; Λ=0.002s × generations); SCRAM dynamics (AZ-5 rod insertion 18s original; 12s post-1986; graphite tip: +$2-3 instantaneous spike at partial insertion); subcritical multiplication M=1/(1-k) (Room 305/2 corium monitoring); historical criticality accidents (Slotin 1946; SL-1 1961; Tokaimura 1999)","Lamarsh 2001; Glasstone Sesonske 1967; INSAG-7; rbmk_core_neutron_physics_REAL.csv; rbmk_void_coefficient_physics_REAL.csv; rbmk_safety_modifications_REAL.csv; corium_fcm_physics_REAL.csv","Four-factor formula DERIVES positive void coefficient from physics: removing H₂O (absorber) from graphite-moderated heterogeneous lattice increases f → k_eff increases; this is the fundamental physics behind Chernobyl accident; dollar units clarify: +$8 >> +1$ (prompt critical) → uncontrollable on millisecond timescale; SCRAM rods moving at 0.4m/s = SLOW compared to 34ms doubling time at +$10 reactivity"
"chernobyl_key_persons_REAL.csv","historical_context","8_rows","1986-2026","Key persons: Legasov (Kurchatov; Vienna disclosure; suicide Apr 27 1988; posthumous Hero of Ukraine; tape recordings preserved nuclear safety critique; INSAG-7 vindicated design fault claim); Bryukhanov (ChNPP director; 10yr sentence; falsified reports; delayed evacuation; released 1991; died 2021); Dyatlov (deputy chief engineer; ordered ECCS off; threatened operators; 10yr sentence; maintained operator error narrative to death 1995); Akimov (shift chief; pumped water to destroyed reactor all night; died May 11 1986; age 33); Toptunov (reactor control engineer; age 25; pressed AZ-5; died May 16 1986); Pravik+Kibenok (fire lieutenants; died May 1986 after roof firefighting 1000-5000 R/hr); Guskova (Hospital No. 6; BMT contraindication finding; lymphocyte nadir dosimetry; 134 ARS patients; founded radiation casualty medicine protocols); Gorbachev (authorized Legasov Vienna; 2006: Chernobyl = real cause of Soviet collapse)","Plokhy 2018 Chernobyl; INSAG-7; chernobyl_first_responders_medical_REAL.csv; nuclear_safety_culture_REAL.csv; chernobyl_post_accident_milestones_REAL.csv; ars_cases_REAL.csv","Operators (Akimov; Toptunov) never told about positive void coefficient magnitude; executed procedures designed by electrical engineers with no nuclear safety review; their deaths = direct result of institutional opacity and design defect concealment; Legasov's posthumous vindication by INSAG-7 demonstrates that accident root cause analysis required genuine glasnost; Guskova's BMT contraindication finding changed global radiation casualty medicine"
"chernobyl_radiation_measurement_instruments_REAL.csv","nuclear_physics_reference","8_rows","1986-2026","Radiation measurement instruments: DP-5 Soviet ionization chamber (0.05 mR/hr to 200 R/hr; SATURATED at 200 R/hr showing '0' → operators thought core intact; key failure mode); KID-2 pocket dosimeter (0-5 rem; maxed out in contaminated areas; systematically falsified; underestimated by factor 1.5-15×); TLD (LiF crystal; ±5-15%; confiscated by supervisors); HPGe spectrometer (FWHM 1.9 keV at 1332 keV; 100-200× better than NaI; essential for Cs-134/Cs-137 ratio; Am-241; food monitoring); NaI scintillation (dose rate + screening; used for thyroid scanning; WBC Cs-137 body burden); GM tube (robust field indicator; energy-independent count rate; does not detect Sr-90 without thin window); EPR tooth enamel (34 mGy detection limit; permanent archival record; validates badge falsification); EURDEP 5000+ stations (10-min update; detects Chernobyl-scale release within 30-60 min)","retrospective_dosimetry_methods_REAL.csv; dose_reconstruction_RADRUE_REAL.csv; modern_monitoring_REAL.csv; gamma_ray_interaction_physics_REAL.csv; nuclear_forensics_attribution_REAL.csv","DP-5 saturation at 200 R/hr showing false '0' was critical factor in Bryukhanov's false report of '3.6 R/hr' = direct cause of delayed evacuation; badge falsification documented by EPR studies = RADRUE needed as correction; EURDEP 2026 would detect equivalent release in 30-60min vs 66hr in 1986; HPGe essential for isotope-specific measurements (Cs-134/Cs-137 ratio forensics; Am-241 tracking)"
"chernobyl_pripyat_city_REAL.csv","historical_context","8_rows","1970-2026","Pripyat city history and current status: founded 1970; 49,360 population (avg age 26); youngest city in USSR; evacuated April 27 1986 (36hr delay; 3hr evacuation by 1200 buses; told '3 days'); never repopulated; current dose rate 4.932 µSv/hr = 43 mSv/yr continuous (43× public limit; 2× occupational limit); habitable ~2170-2200 (at 1 mSv/yr threshold); contamination 600-3700 kBq/m² Cs-137; Hospital Medchast 126 first ARS patients; amusement park (opened briefly April 27; never reached May 1 grand opening; Ferris wheel = icon of abandonment); Chernobyl city 0.209 µSv/hr (1.8 mSv/yr; approaching habitability); Red Forest hotspot 2-100+ µSv/hr near burial trenches; self-settlers 700-1200 returned (now ~200-300 elderly; declining); UNESCO World Heritage nomination process","modern_monitoring_REAL.csv; chernobyl_social_displacement_REAL.csv; contamination_zones_REAL.csv; cez_management_regulations_REAL.csv; chernobyl_first_responders_medical_REAL.csv","Pripyat dose rate decline: 60% remaining after 40yr (faster than radioactive decay alone due to soil migration weathering); habitable at public limit ~2170-2200; Chernobyl city at 1.8 mSv/yr approaching habitability threshold (within ~20yr at current decline rate); self-settler lifespan NOT shorter than non-displaced age-matched population (psychological home benefit potentially offsetting small radiation increase)"
"atmospheric_aerosol_physics_REAL.csv","nuclear_physics_reference","7_rows","aerosol_physics_fundamentals","Atmospheric aerosol physics: size classification (PM2.5 < 2.5µm; PM10 < 10µm); volatile condensation aerosols Cs/I/Te (AMAD 0.1-1 µm = respirable; thousands km transport) vs fuel particles (4-150 µm = near-field deposition <10km); dry deposition velocity V_d (I₂ gas=10-50 mm/s; CH₃I=0.01-0.1 mm/s; Cs-137 aerosol=1-3 mm/s; Pu fuel particle=50+ mm/s); wet scavenging Λ = 2×10⁻⁵ × R^0.82 s⁻¹ → hotspot formation from single thunderstorm (Bavaria May 8); resuspension factor K_p aging (10⁻⁵ fresh 1986 → 10⁻⁸ to 10⁻⁹ aged 2026); Stokes settling velocity derivation (Pu fuel particles 50µm → range <10km; Cs aerosol 0.3µm → >1000km); turbulent K-theory diffusion (σ_y = 0.16x Class D); Pasquill-Gifford classes A-F","ICRP 66 1994; Briggs 1974; atmospheric_transport_plume_REAL.csv; atmospheric_dispersion_parameters_REAL.csv; iodine_atmospheric_chemistry_REAL.csv; fuel_particle_contamination_REAL.csv; european_deposition_REAL.csv","Wet deposition 99% vs dry 1%: single thunderstorm May 8 1986 deposited essentially entire remaining column inventory in Bavaria = explains why Bavaria has higher contamination than some areas 3× closer to Chernobyl; resuspension K_p decrease by 3-4 orders over 40yr (aging) = passive environmental remediation; Stokes settling DERIVES why fuel particles are near-field and volatile aerosols are far-field contamination"
"chernobyl_media_culture_REAL.csv","historical_context","8_rows","1986-2026","Media and cultural impact of Chernobyl: TASS initial announcement (April 28 1986; 66hr delay; 14 words about accident; triggered by Swedish Forsmark detection; May Day parade held in contaminated Kyiv May 1 1986); Zhores Medvedev 1979 book (first Western account of Kyshtym 1957; template for independent nuclear disclosure); HBO Chernobyl 2019 (Craig Mazin; Jared Harris; 9 Emmys; 100M+ viewers; scientifically accurate; Khomyuk = composite character); Higginbotham Midnight in Chernobyl + Plokhy 2018 (first archival English-language accounts; supersede Medvedev 1991); nuclear tourism (60,000-100,000/yr pre-war; ~$50M/yr Ukrainian economy; suspended Feb 24 2022); Soviet 1986 propaganda (heroic workers; Western anti-Soviet hysteria narrative; concealed RBMK design fault; no mention ORM violations); Chernobyl in art/literature (Alexievich 1997 Nobel 2015; S.T.A.L.K.E.R. game series; photography Gerd Ludwig); 40th anniversary April 26 2026 (concurrent with active war; Ukrainian environmental war crime framing; scientific conferences)","chernobyl_key_persons_REAL.csv; nuclear_safety_culture_REAL.csv; chernobyl_pripyat_city_REAL.csv; chernobyl_social_displacement_REAL.csv; chernobyl_post_accident_milestones_REAL.csv","HBO Chernobyl 2019 = most scientifically accurate depiction of any nuclear accident in mainstream media (nuclear expert consensus); Khomyuk = composite (no one scientist played that role); TASS 66hr delay = worst-practice example in every nuclear emergency communication textbook; nuclear tourism day visit dose (0.003-0.01 mSv) = less than transatlantic flight dose; Soviet propaganda failure about Chernobyl was visible catalyst for glasnost acceleration"
"chernobyl_liquidator_work_categories_REAL.csv","historical_context","8_rows","1986-1990","Liquidator work categories with JEM coding for RADRUE dose reconstruction: roof decontamination biorobots (3800-5000 persons; 90s max shift; 50-16,000 mSv; August-October 1986; human biorobots after remote robots failed due to electronics failure); tunnel miners coffin brigade (10,000 miners; 50-350 mSv; 22-day tunnel under reactor; corium melt-through fear; corium stayed; tunnel never used for cooling); helicopter aircrew (1,800+ sorties; 5100t material dropped; 10-200 mSv; navigators higher doses; second peak May 6-8); decontamination surface workers (200,000-300,000; 50-500 mSv; KID-2 systematically falsified 1.5-15×); sarcophagus construction (90,000-100,000 workers; July-November 1986; 400,000 m³ concrete; 50,000 person-Sv collective dose estimate); firefighters (134 ARS of ~800 first responders; 800-16,000 mSv; DP-5 showed false 0); plant operators night of accident (Akimov 15 Gy; Toptunov 15 Gy; Dyatlov ~5 Gy); dosimetric control officers (systematic badge falsification 60% per Pitkevitch survey)","RADRUE JEM; Pitkevitch 1997 Health Phys; Ivanov 2004; dose_reconstruction_RADRUE_REAL.csv; chernobyl_first_responders_medical_REAL.csv","Roof workers highest individual doses of any subgroup; helicopter drops limited effect (fire self-extinguished by O₂ depletion May 9); KID-2 falsification ubiquitous; tunnel = massive mobilization for corium melt-through threat that did not materialize"
"reactor_coolant_chemistry_REAL.csv","nuclear_physics_reference","8_rows","nuclear_engineering_fundamentals","RBMK primary circuit chemistry: two independent loops 14,000-16,000 kg/s; NO boric acid (unlike PWR = no soluble backup shutdown); N-16 production O-16(n,p)N-16 (t½=7.13s; 10.4 MeV beta; 6.1/7.1 MeV gamma; 10¹⁴ Bq in coolant during operation; clears 3min post-shutdown); water radiolysis H₂O → H₂ + O₂ + H₂O₂; Zr-water reaction >900°C: Zr + 2H₂O → ZrO₂ + 2H₂ (ΔH=-602 kJ/mol; massive H₂ → second explosion at Chernobyl = hydrogen detonation component); Co-58/Co-60 activated corrosion products (primary maintenance dose source in nuclear industry); pH control (RBMK: NH₄OH + hydrazine; PWR: LiOH + boric acid); steam drum separator; normal circuit 10¹⁴-10¹⁵ Bq vs accident release 5×10¹⁸ Bq = factor 10,000 above normal","Knief 1992; Zinkle 2013; rbmk_thermal_hydraulics_REAL.csv; rbmk_fuel_specifications_REAL.csv","RBMK boron absence = no backup shutdown system; at ORM=8 no margin; Zr-water H₂ = second explosion mechanism; N-16 = reason turbine hall workers evacuated during operation"
"chernobyl_graphite_fire_physics_REAL.csv","nuclear_physics_reference","8_rows","1986_fire_physics","Graphite fire physics: combustion thermodynamics (C + O₂ → CO₂ ΔH=-393.5 kJ/mol; Boudouard >700°C: CO₂ + C → 2CO; graphite ignites 700-900°C); 5100t helicopter drops (sand 40%; clay 25%; lead 13%; boron 0.8%; dolomite 10%); fire self-extinguished May 9-10 by O₂ depletion (NOT helicopter suppression); convective plume 1200-2000m above mixing layer → Scandinavia in 36-48hr; 14-day duration unprecedented (Windscale 16hr comparison: Chernobyl 1850× larger Cs-137 release); second peak May 6-8 (1700-2000°C); radionuclide volatilization (Cs 670°C; Te 990°C; Pu non-volatile <3232°C → explains near-field Pu concentration); 2026 wildfire K_p aging (0.001% of inventory mobilized in 2020 fire = 630 GBq); six-phase release correlation with fire temperature timeline","Pazukhin 1994; source_term_daily_release_REAL.csv; atmospheric_aerosol_physics_REAL.csv; wildfire_resuspension_REAL.csv","Graphite fire = mechanism for 14-day sustained release; plume height > mixing layer = long-range transport to Scandinavia; Boudouard reaction produces CO above 700°C; complete volatilization of Cs/I/Te at fire temperatures explains near-100% release fractions for these elements"
"radioactive_waste_classification_REAL.csv","nuclear_physics_reference","8_rows","waste_management_fundamentals","Radioactive waste classification: IAEA GSG-1 four categories (VLLW <100 Bq/g; LLW near-surface; ILW cement shielded; HLW deep geological); CEZ ~800 official waste sites; 2.5-3.0 million m³; SRWT 3,000 m³/yr capacity; spent fuel HLW (21,217 assemblies; ISF-2; no Ukrainian DGR; Onkalo Finland first DGR 2025); corium/FCM 170-220t self-vitrified HLW in-situ (leach rate 10⁻⁸-10⁻⁷ g/cm²/day similar to borosilicate glass; NSC = 100yr confinement); graphite long-lived waste (C-14 t½=5730yr 25 TBq; Nb-94 t½=20,300yr; ILW-LL classification); contaminated soil 125,000 km² × 5cm = 6.25 billion m³ = impossible to excavate (in-situ management only per ICRP 111); global SNF 440,000 tHM accumulating at 12,000 tHM/yr","IAEA GSG-1 2009; chernobyl_decommissioning_physics_REAL.csv; red_forest_waste_sites_REAL.csv; corium_fcm_physics_REAL.csv","Corium = self-vitrified nuclear waste glass (accident produced what glass manufacturers engineer deliberately); Red Forest burial trenches = LLW/ILW in inappropriate near-surface trenches → primary groundwater contamination source; soil remediation impossible at scale (ICRP 111 approach: behavioral/food restrictions; not excavation)"
"nuclear_dose_epidemiology_REAL.csv","nuclear_physics_reference","8_rows","epidemiology_methods_radiation","Radiation dose epidemiology: LSS 86,611 A-bomb survivors 1950-2019 (DS02 dosimetry; ERR/Gy solid tumors=0.47; thyroid=0.53; leukemia linear-quadratic; primary LNT basis); ERR vs EAR models (IARC 25,000 vs UNSCEAR 6,600 excess Chernobyl cancer deaths = partly model choice difference); LNT derivation (40 DSBs/Gy; linear from first principles; no threshold mechanism; Techa River chronic exposure confirms); RNMDR cohort design (200,000 workers; healthy worker effect; alcohol 60%; smoking 56%; KID-2 falsification biases; EPR correction essential); ERR/Gy=1.91 thyroid (Tronko 2006 n=13,127); statistical power (n=200,000 powered for ERR/Gy>0.3 leukemia; underpowered solid tumors<0.5); DDREF=1.5-2.0; attributable fraction AF=ERR×D/(1+ERR×D) (individual cancer causation probability; compensation threshold AF>0.5)","Pierce 1996; Tronko 2006 BMJ; Kashcheev 2015; ICRP 103; UNSCEAR 2008; contested_radiation_science_REAL.csv","Absence of solid tumor excess in liquidators ≠ radiation safe: means underpowered + confounded + dose uncertainty; thyroid SIR=13× and leukemia ERR/Gy=1.52 confirmed beyond doubt; IARC vs UNSCEAR difference = model choice + DDREF; DDREF=2 correction needed for protracted exposure vs A-bomb acute exposure"
"soviet_nuclear_secrecy_REAL.csv","historical_context","8_rows","1957-2026","Soviet nuclear secrecy and post-Chernobyl transparency: five-level Soviet classification system (Sovershenno Sekretno to open); RBMK positive void coefficient classified from 1973-1992; operators never told void coefficient magnitude or ORM safety significance; Leningrad 1975 RBMK power excursion classified (lessons NOT shared → Chernobyl predictable consequence); Kyshtym 1957 cover-up 32yr (Medvedev 1979 disclosure established template for nuclear secrecy breach); glasnost: Chernobyl = first test of Gorbachev transparency policy (old reflexes prevailed 66hr; then forced by Forsmark); KGB April 26 12:00 report to Gorbachev (accurate; classified) vs TASS 66hr minimized announcement = deliberate suppression documented; RBMK design flaw classification until INSAG-7 1992; WANO established 1989 as direct response to information isolation; Convention on Nuclear Safety 1994 Article 9; post-Chernobyl: IAEA Early Notification Convention 1986 (1-2hr mandatory disclosure); 2026 challenge: ZNPP under Russian occupation = transparency breakdown paralleling Soviet 1986 patterns","Plokhy 2018; INSAG-7 1992; Gorbachev Foundation 2006; nuclear_safety_culture_REAL.csv; chernobyl_post_accident_milestones_REAL.csv","RBMK operators were institutionally prevented from knowing the safety-critical physics of their own reactor; Leningrad 1975 lesson not shared because of classification = direct causal chain to Chernobyl; KGB internal reports confirm 66hr delay was deliberate suppression not ignorance; Gorbachev: Chernobyl = real cause of Soviet Union collapse; ZNPP 2022 = first major test of post-Chernobyl transparency conventions in wartime"
"chernobyl_legal_compensation_REAL.csv","historical_context","8_rows","1986-2026","Chernobyl legal and compensation frameworks: Ukraine Law 796-XII 1991 (4 categories; ~2.5-3.0M beneficiaries; 5-7% state budget); Belarus Law 1991 (22.3% national budget peak 1991; Polesye Reserve 2162 km²; re-population policy controversy); EBRD Shelter Fund (€820M from 45 donors; NSC final cost €1.5B; total SIP €2.1B through 2026); liquidator compensation disputes (KID-2 falsification → wrong eligibility tier; EPR dosimetry appeals; CVD not compensated despite ERR/Gy=0.47; cataract added 2012 after ICRP revision); thyroid cancer survivors ~20,000-25,000 cumulative (Category 1; lifelong levothyroxine; selpercatinib for RET/PTC progressive cases); international nuclear liability conventions (Vienna 1963; CSC 1997; no cross-border compensation paid for Chernobyl fallout); UNDP CRDP $100M (1997-2016); civil society (Chernobyl Union; Children of Chernobyl; Bellona; Greenpeace)","chernobyl_economic_impact_REAL.csv; chernobyl_social_displacement_REAL.csv; liquidator_cardiovascular_REAL.csv; nuclear_safety_culture_REAL.csv","KID-2 falsification = legal injustice (workers received highest real doses but lowest documented doses = no compensation eligibility); CVD as radiation-induced harm not in compensation law despite ERR/Gy=0.47 evidence; EBRD NSC €1.5B = single largest civilian nuclear remediation project; no international cross-border compensation ever paid for Chernobyl fallout in Europe"
"nuclear_reactor_safety_systems_REAL.csv","nuclear_physics_reference","8_rows","nuclear_safety_systems","Nuclear reactor safety systems: IAEA INSAG-10 five barriers (fuel matrix; cladding; primary circuit; containment; site boundary); RBMK had NO containment (barrier 4 absent) = direct cause of scale of release; ECCS disabled April 25 (test requirement; ECCS would have activated otherwise); passive vs active safety (RBMK active = fails on power loss; PWR/AP1000 passive = 72hr cooling without power); containment types (large dry PWR; ice condenser; Mark I/II BWR; double EPR; RBMK none; NSC retroactive); SCRAM systems (RBMK 0.4m/s pre-1986; 18s → 12s post-1986; graphite tip +$2-3; diverse redundant shutdown requirement post-Chernobyl); Fukushima Mark I comparison (15,000 TBq Cs-137 vs 85,000 TBq = containment made 6× less); INSAG-4 safety culture definition (1991; Chernobyl failures: production pressure; authority gradient; procedure bypass; regulatory capture); modern SNRIU independence vs Soviet regulatory = operator conflict","INSAG-4 1991; INSAG-10 1996; INSAG-7 1992; nuclear_safety_culture_REAL.csv; rbmk_thermal_hydraulics_REAL.csv; fukushima_chernobyl_comparison_REAL.csv","RBMK absence of containment = single most consequential design safety deficit; Chernobyl barrier failures: all 5 barriers failed in sequence in <4 seconds; TMI (containment held) vs Chernobyl (no containment) = 150,000× difference in Cs-137 release; Dyatlov's authority gradient ('I know what I'm doing') = textbook INSAG-4 safety culture failure; post-Chernobyl: passive safety + negative void coefficient + containment = minimum requirements for new reactors worldwide"
"chernobyl_wildlife_birds_genetics_REAL.csv","environmental_data","8_rows","1986-2026","Wildlife radiobiology and genetics at CEZ: Moller/Mousseau vs Deryabina controversy (barn swallow albinism/reduced reproduction vs wolf density 7-19× reference = opposite conclusions from different methodologies); tree frog melanin adaptation (Galván 2022: darker coloration in high-radiation areas; natural selection operating over 36 years = 18-20 generations); bank voles (Chesser 2000: 400-fold microsatellite mutation rate; NO population decline = purifying selection removes deleterious mutations; compensatory high reproduction); CEZ dog population (~800-1000 feral dogs; Burnett 2023 distinct genetics; positive selection in DNA repair genes); bird studies (γH2AX elevated 2-3× in high-dose rodents; chromosomal aberrations 5-15% in voles vs 1-3% controls; population-level effects NOT confirmed); invertebrate effects (bumblebees; beetles; spiders reduced in highest-dose areas; earthworm chromosome aberrations; cicada absence in hotspots); wolf GPS telemetry (no habitat avoidance of Red Forest; pup survival not reduced)","Deryabina 2015; Galván 2022; Chesser 2000; Burnett 2023; Møller 2006; environmental_dose_biota_REAL.csv; cez_wildlife_population_census_REAL.csv","Molecular damage real (γH2AX; microsatellites); population-level harm not confirmed for vertebrates (UNSCEAR 2021 consensus); tree frog melanin = fastest documented evolutionary adaptation to radioactive environment in vertebrates; 'microsatellite paradox': 400× mutation rate + stable population = purifying selection mechanism; invertebrates most clearly affected (lower repair capacity + higher surface dose)"
"chernobyl_aquifer_geology_REAL.csv","environmental_data","7_rows","geological_fundamentals","CEZ geology and aquifer system: Polesye lowland; Dnieper-Donets sedimentary basin; Ukrainian Shield crystalline basement 300-500m depth; Quaternary sandy fluvioglacial deposits (2-5m depth to water table; K=10-100 m/day; high permeability = vulnerability); retardation factors derived (R_Cs137=10,001 → 1.8 cm/yr migration; R_Sr90=26 → 7 m/yr; consistent with monitoring data); Prypiat River floodplain hydrology (annual flood pulse; 2014 drawdown Sr-90 event; 102 kBq/m³ peak; Kakhovka 2023 flux event); peat bog accumulation (CEZ 10% peat; Sphagnum CEC 200-400 meq/100g; 1986 layer at 15-20cm depth; peat fire disproportionate Cs-137 release); Kyiv Reservoir (922 km²; 50% Cs-137 trapped; continuous monitoring; tap water <0.5 Bq/L Cs-137 and Sr-90 all years 1987-2026); monitoring network 50-70 wells (quarterly; Red Forest 50-200 Bq/L Sr-90; reactor basement 100-10,000 Bq/L)","Zeevaert 1997; Vdovenko 2019; soil_radionuclide_migration_REAL.csv; chernobyl_groundwater_contamination_REAL.csv; dnieper_river_contamination_REAL.csv","Sandy soil + shallow water table + flat terrain = high groundwater vulnerability; retardation equation quantitatively explains Cs-137 immobility vs Sr-90 mobility; Kyiv drinking water safe all years since 1986 (continuous monitoring + zeolite + ferrocyanide treatment); peat bogs = disproportionate Cs-137 sink and wildfire source; NSC basement drainage = critical safety function (pump failure = FCM-water contact)"
"nuclear_materials_nonproliferation_REAL.csv","historical_context","8_rows","1968-2026","Nuclear non-proliferation and materials security: NPT 1968 (189 states; 4 pillars: non-proliferation, disarmament, peaceful use, safeguards); Budapest Memorandum 1994 (Ukraine surrendered 1900 warheads; Russia violated assurances 2014+2022 = largest modern nonproliferation failure); IAEA safeguards CSA + Additional Protocol; ISF-2 C/S remote monitoring + physical inventory verification; CEZ Pu security (reactor-grade Pu-240 28%; dispersed + inaccessible + monitored = LOW proliferation risk); dirty bomb RDD (Cs-137 1 TBq = minimal health impact but $50-100B economic disruption; Goiania 1987 = worst-case accidental RDD scenario); ZNPP safeguards gap under Russian occupation (no physical inventory verification possible; evidence no material diverted but confidence reduced); HEU global 23 tonnes in research reactors (GTRI converted 100+ reactors 2002-2026); nuclear forensics Pu isotope fingerprinting (Pu-240/239 ratio distinguishes Chernobyl from Fukushima)","IAEA GOV/INF documents; NNSA reports; zaporizhzhia_npp_2022_2025_REAL.csv; plutonium_environmental_fate_REAL.csv; chernobyl_nuclear_terrorism_risk_REAL.csv","Budapest Memorandum = largest voluntary nuclear disarmament; violated by Russia 2014+2022 = historic failure that will shape future disarmament negotiations; CEZ Pu dispersed in soil = low security risk (collection would require lethal doses); RDD = weapon of mass disruption not destruction; ZNPP safeguards gap = unprecedented in IAEA history"
"chernobyl_mental_health_psychosocial_REAL.csv","health_data","8_rows","1986-2026","Mental health as primary Chernobyl burden (WHO 2005): PTSD 26-35% liquidators (Rahu 2006; higher than Vietnam veterans 15-30%); depression 35% vs 15% controls (Havenaar 1997; RR=2.3); mechanism: radiation anxiety + displacement loss + stigma + information uncertainty (dose uncertainty PTSD r=0.28; actual dose NOT correlated with depression = psychosocial not radiological cause); 3-5× higher physician visits from radiation anxiety; surveillance effect inflates cancer detection; self-settlers BETTER mental health than evacuated (home attachment > radiation anxiety = agency paradox); liquidator suicide elevated ~35-40% (confounded by post-Soviet collapse); intergenerational trauma transmission (Bromet 2011; no heritable biological effects but PTSD transmitted); post-Fukushima: evacuation caused ~2,000 deaths vs 1 radiation death = Chernobyl lesson NOT applied; ICRP 111 framework for rehabilitation vs evacuation","Rahu 2006; Havenaar 1997; WHO Chernobyl Forum 2005; neuropsychiatric_longterm_health_REAL.csv; chernobyl_social_displacement_REAL.csv","Mental health = largest public health consequence (millions affected vs 4,000-6,600 cancer deaths); radiation anxiety driven by uncertainty and stigma NOT actual dose; forced evacuation of mildly contaminated areas causes psychosocial harm > radiation benefit (Fukushima confirmed); evidence-based response: factual risk communication + community support + no unnecessary evacuation = saves more lives than conservative radiological protection"
"rbmk_operational_history_REAL.csv","historical_context","8_rows","1973-2026","RBMK operational history: 17 RBMK-1000 + 2 RBMK-1500 units built; Leningrad NPP (1973 first; 1975 classified power excursion = missed warning; all 4 shutdown 2018-2020 → replaced by VVER-1200); Ignalina Lithuania (RBMK-1500; 1983+1987; closed 2004+2009 as EU accession condition; led to fossil fuel substitution + Russian energy dependency); Chernobyl Units 1-3 (restarted 1986-1987 for power production; Unit 2 fire 1991; Unit 1 shutdown 1996; Unit 3 final shutdown December 15 2000; Units 5+6 never completed; abandoned 70%+50% complete); currently operating Russia 5 RBMK units (Kursk 2 + Smolensk 3; 35-48yr old; graphite creep aging concern; positive void coefficient still positive at low power; Rosatom committing to phase out by 2030-2035); global legacy: RBMK taught 5 safety lessons (positive void prohibited; containment required; transparency mandatory; independent regulator; defense in depth)","IAEA PRIS; rbmk_safety_modifications_REAL.csv; nuclear_safety_culture_REAL.csv; chernobyl_unit_operations_REAL.csv","Leningrad 1975 classified accident = direct causal chain to Chernobyl; Ignalina closure increased Russian energy leverage over Baltic states (geopolitical nuclear consequence); 5 RBMKs still running Russia 2026 at 35-48yr = beyond design life; graphite creep = primary aging challenge; RBMK will be last operating by 2030-2035 per Rosatom commitment"
"nuclear_power_economics_REAL.csv","nuclear_physics_reference","8_rows","energy_economics","Nuclear power economics: LCOE nuclear $70-120/MWh new build vs solar $30-60 vs wind $25-50 (but nuclear = firm 24/7 capacity; integration cost adds $10-30/MWh to variable renewables); Chernobyl total economic cost $235-700B; Ukraine nuclear 55-60% pre-war electricity at $30-40/MWh (fully depreciated); Soviet nuclear economics: no decommissioning fund + no insurance + no accident liability = artificially cheap; post-2022 fuel switch Westinghouse; LCOE components (capital 50-70%; O&M 15-25%; fuel 10-15%); RBMK no-containment savings $500-800/kW; ISF-2 €168M construction (passive = $3M/yr vs ISF-1 wet pool $8M/yr); decommissioning $300-800M/unit (US); nuclear lifecycle CO₂ = 12 gCO₂/kWh = equivalent to wind; post-Chernobyl nuclear pause: ~10-15 GW fossil fuel substitution → 1.8 billion tCO₂ additional + 50,000-100,000 air pollution deaths","IEA 2022; chernobyl_economic_impact_REAL.csv; ukraine_nuclear_fleet_REAL.csv; Hansen 2013","Nuclear pause post-Chernobyl = substituted coal → more deaths from air pollution than Chernobyl itself; existing nuclear = cheapest source ($20-35/MWh); new nuclear expensive vs renewables but provides firm low-carbon power; correct LCOE must include: insurance + decommissioning + accident liability; Soviet nuclear was cheap only by excluding these costs"
"chernobyl_iodine_deficiency_REAL.csv","health_data","7_rows","1986-2026","Iodine deficiency amplification of Chernobyl thyroid doses: Ukraine/Belarus moderate-severe iodine deficiency in 1986 (goiter 20-45% children; UIC below 100 µg/L); NIS upregulation mechanism (low iodine → high TSH → NIS upregulation → 100-200× concentration factor vs 20-50× normal → 4-6× higher thyroid dose per Bq I-131); Soviet salt iodization: nominal program with poor compliance; KIO₃ instability in storage; quantitative amplification 2-3× higher doses in deficient regions (Likhtarev 1994; 150,000 measurements); NCI UkrAm ERR/Gy=1.91 incorporates 1.5-2× iodine deficiency correction; KI timing curve (90% at 1hr; 40% at 4hr; 0% at 8hr); Soviet KI stockpiles existed but NOT distributed (political decision to avoid panic); Belarus median thyroid dose preschoolers 1.4 Gy (range 0.01-50 Gy; log-normal GSD 3-5); Ukraine 2019 UIC=75 µg/L = still mild-moderate deficient; mandatory iodization law 2002 only 50% compliant","Likhtarev 1994; Bouville 2007; WHO UNICEF 2019; iodine_thyroid_physiology_REAL.csv; nci_ukraine_thyroid_cohort_REAL.csv","IF Ukraine/Belarus had been iodine-sufficient in 1986: 2-3× lower thyroid doses; IF KI also distributed: 20-30× lower doses total; combined result: 6,000 thyroid cancers → ~200-300; Ukraine still mildly iodine-deficient in 2026 = vulnerability for future nuclear events; NIS upregulation derivation: LOW iodine → HIGH TSH → HIGH NIS expression → HIGH I-131 uptake = mechanistically clear cause-effect chain"
"radiation_protection_practical_REAL.csv","nuclear_physics_reference","8_rows","radiation_protection_fundamentals","Practical radiation protection: time/distance/shielding (dose = dose rate × time; inverse square law H=H₀(d₀/d)²; HVL lead=7mm for Cs-137 662 keV → 10 HVL=70mm = 1024× reduction); ALARA principle; PPE (coveralls+gloves = contamination control NOT gamma shielding; PF cotton mask=2 vs SCBA=10,000; 1986 liquidators mostly inadequate respiratory protection); area classification (Yellow <0.5 µSv/hr; Orange 0.5-2; Red >2; Black >10; Prypiat=Red at 4.932 µSv/hr = occupationally workable with monitoring but not habitable); WBC whole body counter 270 Bq Cs-137 detection; KI thyroid blocking (90% effective if taken <1hr before; contraindicated thyroid disease; Soviet failure to distribute = preventable 6000+ thyroid cancers); decontamination (shower removes 95%+; clothing removal 60-80%; Prussian Blue for Cs-137 internal; Ca-DTPA for Pu/Am; CEZ vehicle graveyard 800+ vehicles); TLD/OSL/EPD dosimetry; PAZ/UPZ evacuation zones","ICRP 103; IAEA GSG-7 2018; IAEA GSR Part 7 2015; nuclear_emergency_planning_REAL.csv; iodine_thyroid_physiology_REAL.csv; chernobyl_first_responders_medical_REAL.csv","Cotton mask PF≈2 = essentially useless for fine aerosol (1986 liquidators routinely issued these); Soviet failure to issue KI preventable 6000+ thyroid cancers (Poland success = proof of concept); WBC detection limit (270 Bq) = committed dose 3.5 nSv = clinically negligible but detectable; Prypiat at 4.932 µSv/hr = below occupational limit for 8hr/day work but 43× above public limit for continuous residence"
"fission_reactor_thermal_physics_REAL.csv","nuclear_physics_reference","8_rows","nuclear_engineering_fundamentals","Reactor thermal physics: Rankine cycle efficiency (RBMK 31.25% = 1000MWe/3200MWt; Carnot limit 47.7%; PWR 33-36%; CCGT 55-60%); RBMK turbine (2×K-500; 6.3 MPa; 284°C; 5600 t/hr steam; coast-down test = accident trigger); power density (RBMK 5 W/cm³ average vs PWR 100 W/cm³; peak 15 W/cm³; CHF margin 0.3-0.8 normal; exceeded 200× in accident); ANS-5.1 decay heat (P/P₀: 7% at 1s; 3.3% at 1min; 1.5% at 1hr; 0.6% at 1 day; 0.1% at 1yr; 106 MW decay heat at 1min post-shutdown for RBMK); boiling heat transfer regimes (nucleate → CHF → film boiling; Zr oxidation >900°C); steam explosion vs H₂ detonation (FIRST explosion=steam from prompt criticality; SECOND=H₂ detonation 3s later; both confirmed by seismic + witness + destruction pattern); DWO density wave oscillations (0.1-1 Hz; classified 1983 VNIIAES report; not implemented; DWO + void coefficient = instability at 200 MWt); UO₂ thermal conductivity 3.6 W/m/K (melts at 2865°C; accident: 200× power → melt + vaporize in <1s → fuel particle size distribution)","Knief 1992; Todreas Kazimi 1990; ANS-5.1; Kholosha 1997; rbmk_thermal_hydraulics_REAL.csv; fuel_particle_contamination_REAL.csv","RBMK low efficiency (31%) vs fossil fuel because lower steam temperature (nuclear safety limits); decay heat = reason ECCS exists; disabling ECCS for test = removing primary safety system; steam explosion (not nuclear detonation) = first explosion mechanism confirmed; UO₂ completely melted and partially vaporized in <1s during excursion = explains fuel particle size distribution from µm to cm"
"CTBTO_IMS_monitoring_REAL.csv","monitoring_data","8_rows","1986-2026","CTBTO International Monitoring System: 337 stations 4 technologies (seismic/hydroacoustic/infrasound/radionuclide); noble gas Xe-133/Xe-135 ratio discriminates reactor accident from nuclear explosion (>95% accuracy; ratio >>3 = reactor signature); Forsmark April 28 1986 contaminated shoe → 66hr detection delay vs 2026 EURDEP equivalent 30-60 min; Fukushima 2011 Xe-133 detected all 40 noble gas stations globally; Nenoksa 2019 nuclear propulsion attributed by Ru-106+Ba-140+La-140; EURDEP 5000+ stations 10-min updates (39 European countries); SaveEcoBot 200+ Ukraine stations (Prypiat 4.932 µSv/hr; Chernobyl city 0.209 µSv/hr April 2026); IMS not in force (US/China/India/Pakistan/Israel/Iran/Egypt/NK not ratified CTBT) but 185 signatories share data","IAEA IMS; CTBTO documentation; Stohl 2012 Atm Chem Phys; modern_monitoring_REAL.csv; atmospheric_transport_plume_REAL.csv","Xe-133/Xe-135>>3 = reactor accident (sustained multi-day release + older fission products); fresh nuclear explosion signature reversed; no state could conceal Chernobyl-scale release today for >60 min; Nenoksa 2019 = CTBTO attribution proof-of-concept; EURDEP detection improvement 600,000× since 1986 (150× more stations × 4000× faster reporting)"
"chernobyl_ARS_clinical_protocol_REAL.csv","health_data","8_rows","1986-2026","ARS clinical management: Grade I-IV grading (lymphocyte nadir + dose thresholds: Grade I 1-2 Gy; Grade IV >6 Gy); prodromal vomiting onset <30min = >6 Gy; >2hr = 1-2 Gy (practical dosimetry); Hospital No. 6 Moscow (Dr. Guskova; 134 ARS patients; 28 deaths); BMT: 13 attempted; 2 engraftments; ALL 13 died → Guskova finding: >8 Gy multi-organ failure makes BMT futile (changed global protocols); GI syndrome >6 Gy (crypt stem cell loss → bacterial translocation → sepsis; fatal >12 Gy); modern advances G-CSF approved 1991 (would save 5-10 additional); romiplostim FDA MCM 2021; REAC/TS registry (2714 accidents; 3048 ARS cases; 127 deaths globally); REMPAN 43 centers 28 countries; global ARS capacity 2000-3000 beds (overwhelmed 20-25× by nuclear detonation scenario)","Guskova 2001 J Radiol Prot; Baranov 1989 BMJ; IAEA EPR-Medical 2018; Waselenko 2004 Ann Intern Med; REAC/TS Registry 2023; ars_cases_REAL.csv","Guskova BMT failure finding = most important radiation medicine advance from Chernobyl (changed BMT indication from >3 Gy to 3-7 Gy window only); 134 ARS cases = 4.4% of all globally registered ARS cases; 28 deaths = 22% of all registered ARS deaths from single event; cotton mask PF=2=useless (Soviet PPE failure); family radiation case Lyudmila Ignatenko 100-300 mSv bedside + fetal loss documented"
"nuclear_reactor_materials_science_REAL.csv","nuclear_physics_reference","8_rows","nuclear_engineering","Reactor materials science: Zr-1Nb (E-110) cladding oxidation above 900°C → Zr+2H₂O→ZrO₂+2H₂ (ΔH=−602 kJ/mol); ~10t Zr RBMK → 220 kg H₂ theoretical → hydrogen detonation (second explosion); graphite irradiation damage (c-axis expansion + turnaround at ~5×10²² n/cm²; Wigner energy annealing at RBMK operating T prevents Windscale-type fire); UO₂ fission gas release negligible below 1600°C; complete above 2865°C; RPV steel embrittlement (Cu-rich precipitates; RTNDT shift; IAEA SSG-41 surveillance program); corium density 7000-9000 kg/m³ (UO₂+Zr silicate glass; stable; no re-criticality); concrete radiation effects (gamma >100 MGy → 30-60% strength loss); fuel failure modes (PCI; fretting; DHC); RBMK graphite aging 2026 (5 units at 36-48yr; fluence 3-5×10²² n/cm² approaching turnaround)","Levin 2009; Burchell 1999; IAEA-TECDOC-1340; Pazukhin 1994; rbmk_fuel_specifications_REAL.csv; corium_fcm_physics_REAL.csv","Zr-water reaction produced hydrogen for second Chernobyl explosion (confirmed by seismic + blast pattern); RBMK graphite operating at 280-350°C prevents Wigner energy accumulation (unlike Windscale 150°C); E-110 (Zr-1Nb) retained for all operating RBMK + Ukrainian VVER fleet; 5 RBMK units operating Russia 2026 beyond 30yr design life at aging graphite concern"
"chernobyl_first_hours_decision_REAL.csv","historical_context","8_rows","1986_accident_first_hours","First hours decision-making: 01:23:04-01:23:47 accident sequence (AZ-5 SCRAM → graphite tip +3-4β → prompt criticality → steam explosion → H₂ detonation); first firefighter response 01:28 (Major Telyatnikov; 69 firefighters; DP-5 saturated at 200 R/hr = false 3.6 R/hr reading → unprotected roof operations; 10-16 Gy/hr actual); Dyatlov/Bryukhanov false assessment (reactor intact claimed; 3.6 R/hr telegram to Moscow 05:00); medical response onset 01:35 (vomiting within 1hr = >6 Gy triage); Party notification chain distortion at each level (plant→Kiev→Moscow each minimized); evacuation decision 36hr delay (Party approval required; Pripyat 49,000 evacuated April 27 14:00); KGB accurate report within 12hr (declassified 2001; contradicted plant management claims); Forsmark April 28 07:00 forced Soviet TASS disclosure 66hr post-accident","Kholosha 1997; INSAG-7 1992; Legasov 1988 memoirs; chernobyl_accident_chronology_REAL.csv; international_response_1986_REAL.csv","36hr evacuation delay = preventable thyroid dose (children continued outdoor activities April 26-27); DP-5 saturation = firefighters unknowingly received 10-16 Gy/hr; Soviet hierarchy filtered bad news upward at every level (INSAG-7: systemic organizational failure); KGB had accurate information but could not override Party communication channels; each hour of evacuation delay ~5-10 mGy additional thyroid dose per child in Pripyat"
"radiation_hormesis_REAL.csv","nuclear_physics_reference","8_rows","radiation_biology_controversy","Radiation hormesis: proposed biphasic dose-response (low-dose benefit above unexposed baseline; harm above ~100 mGy); mechanisms proposed: adaptive response (AR); antioxidant enzyme induction; NK cell stimulation; evidence: AR replicated in cell culture (Wolff 1989); Ramsar Iran 260 mSv/yr natural background (no significant excess cancer; Ghiassi-Nejad 2002; but small population + confounders); Kerala India thorium monazite (3-70 mSv/yr; Nair 2009 n=69958; no dose-response); LNT establishment history (Muller 1946 Nobel; BEAR 1956; ICRP 1958 adoption); INWORKS 308297 nuclear workers: confirms LNT at 10-100 mSv (ERR/100mSv leukemia=2.96; no threshold); Techa River cohort (n=29873; ERR/Gy=3.7 leukemia; linear; no threshold; protracted exposure); ICRP 138 2022: reaffirms LNT for protection; hormesis not accepted","ICRP 103 2007; ICRP 138 2022; Wolff 1989 Radiat Res; Ghiassi-Nejad 2002; Richardson 2015 BMJ; INWORKS; contested_radiation_science_REAL.csv","Hormesis exists at cell culture level (AR replicated); NOT proven as cancer protection in humans; Ramsar + Kerala too small for definitive test; INWORKS + Techa River: LNT fits best; ICRP retains LNT because: mechanistic basis (single track → DSB) + no threshold mechanism + ATM heterozygotes (1% population) have no AR; policy difference LNT vs hormesis = 25000 vs 0 projected Chernobyl cancer deaths in Europe (WHO Forum vs SARI claims)"
"chernobyl_legacy_nuclear_policy_REAL.csv","historical_context","8_rows","nuclear_policy_1986_2026","Post-Chernobyl nuclear policy legacy: US NRC NUREG-1250 1987 (no design changes needed for US PWR/BWR; human factors + emergency response review); WANO established May 1989 Moscow (450 member organizations; 800+ units; peer reviews + SER sharing + PI reporting); Convention on Nuclear Safety 1994 (90 contracting parties; independent regulator requirement; PSA; emergency preparedness; defense in depth; Vienna Declaration 2015 post-Fukushima); INSAG-7 1992 revised INSAG-1 (dual causation: operator + design; introduced safety culture concept; INSAG-4 definition adopted globally); PSA mandate (RBMK had no PSA in 1986; now required by IAEA NUSS + EU; CDF target <10⁻⁵/yr); post-Fukushima FLEX + EU stress tests + NRC NTTF 50 orders; Ukraine post-2022 Westinghouse fuel diversification + SNRIU independence; nuclear resurgence 2022-2026 (EU taxonomy sustainable; UK EPR2; Poland first NPP site; SMR programs)","INSAG-7 1992; CNS 1994; IAEA NUSS; NRC NTTF 2011; Rosatom Annual Report 2024; nuclear_safety_culture_REAL.csv","WANO: transformed nuclear industry from proprietary operating experience to mandatory sharing; CNS independent regulator requirement = direct Chernobyl lesson (Soviet operator=regulator dual role); PSA adoption: Chernobyl accident sequence not in deterministic analysis scope → drove probabilistic approaches; post-Fukushima FLEX strategies = diversity against beyond-design-basis events; nuclear energy security argument (2022) reversing post-Chernobyl/Fukushima phase-outs"
"chernobyl_death_rates_mortality_REAL.csv","health_data","8_rows","1986-2026","Comprehensive mortality: 2 immediate deaths (Khodemchuk; Shashenok) April 26 1986; 28 confirmed ARS deaths (Hospital No. 6; April-November 1986; all first-responders; doses 4-16 Gy; named individuals documented); 15-25 thyroid cancer deaths (from 6000+ cases; 99.7% survival; CFR 0.3%); projected cancer deaths: UNSCEAR 4000 / WHO 4000 / IARC 16000-25000 / TORCH 60000 (differences in population scope + DDREF + risk transfer models); indirect evacuation deaths: 1200-2200 (stress + CVD + substance abuse); liquidator leukemia excess: 40-100 confirmed deaths; CVD excess: ERR/Gy=0.47 (Muirhead 2009; 200-400 projected deaths); total confirmed radiation deaths ~45-55; total projected including indirect: 5500-28000","Guskova 2001; INSAG-7 1992; UNSCEAR 2008; WHO Chernobyl Forum 2005; Cardis 2006 BMJ; TORCH 2006; ars_cases_REAL.csv; liquidator_health_outcomes_REAL.csv","28 ARS deaths ALL first-responders (operators + firefighters); youngest age 23; NAMED: Pravik; Ignatenko; Akimov; Toptunov; Kibenok; Vashchuk; Titenok; Tischura + others; thyroid cancer epidemic = morbidity burden (6000 cases) not mortality burden (~20 deaths; 98%+ survival); UNSCEAR 4000 vs IARC 25000 difference = population scope + DDREF not fundamental disagreement about physics; evacuation harm (1200-2200 indirect deaths) rivals radiation harm in some estimates = ICRP 111 lesson"
"chernobyl_evacuation_logistics_REAL.csv","historical_context","8_rows","1986-2026","Evacuation logistics: 1100 buses + 35 trucks + 11 trains; Pripyat 49360 persons evacuated April 27 14:00-17:30 (36hr post-accident; 3hr operation); 30km zone 116000 persons April 27 - May 6; total displaced 350000 (1986-1990; Belarus + Ukraine + Russia); dose avoided: 200-450 mSv prevented lifetime dose per person in high-dose zones (benefit); harm: 1200-2200 indirect deaths from evacuation stress + disruption; ICRP 111: <20 mSv/yr areas should NOT be evacuated (harm > benefit); KI not distributed at reception; Slavutych new city built 1987 (26000 persons); samosely 700 elderly returned illegally (better mental health than age-matched evacuees); modern PAZ/UPZ pre-authorized evacuation (no political approval); ZNPP 2022: no emergency planning possible under Russian occupation","Medvedev 1990; chernobyl_accident_chronology_REAL.csv; nuclear_emergency_planning_REAL.csv; chernobyl_social_displacement_REAL.csv","36hr delay = preventable thyroid dose to 49000 Pripyat residents; DP-5 saturation (false 3.6 R/hr) = firefighters unknowingly exposed to 10-16 Gy/hr; samosely natural experiment: better outcomes than forced evacuees = ICRP 111 confirmation; post-Fukushima Japan: over-evacuation caused 2000 deaths vs 1 radiation death = Chernobyl lesson partially not applied; modern standard: PAZ (3-5km) automatic + no political approval needed"
"chernobyl_plume_europe_countries_REAL.csv","contamination_data","8_rows","1986-2026","Country-by-country European contamination: Belarus (70000 km² >37 kBq/m² Cs-137; 33% national territory; highest outside Ukraine); Ukraine (37500 km² >37 kBq/m²; 2600 km² Zone of Alienation); Russia (57000 km²; Bryansk Oblast up to 1480 kBq/m²); Scandinavia (Sweden 30000 km² >10 kBq/m²; reindeer pathway; restrictions 10+ years); Germany Bavaria (up to 200 kBq/m²; May 8 thunderstorm wet deposition; wild boar still >600 Bq/kg Cs-137 in 2026); UK Wales/Scotland (up to 40 kBq/m²; sheep restrictions LASTED UNTIL 2012); France (IRSN documented contamination; government falsely claimed 'cloud stopped at border'); Poland (KI distributed 18M doses → ZERO excess thyroid cancer; same deposits as borderline Soviet areas); European collective dose 600000 person-Sv; LNT projects 30000 cancer deaths (lifetime); UNSCEAR: 4000 in high-exposure groups only","European_deposition_REAL.csv; food_agricultural_contamination_REAL.csv; chernobyl_iodine_deficiency_REAL.csv; atmospheric_transport_plume_REAL.csv","Poland KI success = most powerful evidence for Soviet KI policy failure: same I-131 doses + KI = zero excess thyroid cancer vs 6000+ without KI; Bavaria wild boar STILL >EU limit in 2026 = 40yr persistence; UK sheep restrictions 26yr = longest Chernobyl agricultural restriction in Western Europe; France government denial 1986 = trust damage in nuclear authorities; Chernobyl European collective dose = 0.5% of natural background collective dose over same period"
"post_soviet_nuclear_legacy_REAL.csv","historical_context","8_rows","1991-2026","Post-Soviet nuclear legacy: USSR dissolution Dec 1991 → 27000 warheads + 50+ research reactors + 9 weapons sites in Russia; Ukraine 4400 warheads (3rd largest); Budapest Memorandum 1994 (violated by Russia 2014+2022 = largest modern nonproliferation failure); Kazakhstan Semipalatinsk 456 nuclear tests 1949-1989 (18000 km² contaminated; 1.5M exposed; confirmed health effects; ATOM Project 2012); Nunn-Lugar CTR program $1.5B prevented loose nukes; Rosatom 2026 = 40% global enrichment + 21 units under construction 8 countries; RBMK phase-out 2030-2035; Red Forest 35yr ecological laboratory (forest recovered; molecular damage persists; tree frog melanin adaptation); Mayak/Kyshtym 1957 32yr cover-up → comparison with Chernobyl 66hr delay; Chernobyl long-term milestones (Am-241 peak 2058; decommissioning target 2064; Pu-239 permanent)","nuclear_materials_nonproliferation_REAL.csv; ukraine_nuclear_fleet_REAL.csv; historical_contamination_context_REAL.csv","Budapest Memorandum violation = largest voluntary denuclearization + security guarantee failure in history; NK/Iran explicitly use Ukraine case to justify retaining weapons; Chernobyl + ZNPP 2022 = 36yr apart; same country; nuclear facility at risk from political/military cause twice; Rosatom = 40% global enrichment = significant geopolitical leverage; RBMK phase-out 2035 = tacit acknowledgment of design limitations; Pu-239 in CEZ = permanent contamination beyond any human institution lifetime"
"chernobyl_water_pathways_REAL.csv","environmental_data","8_rows","1986-2026","Water contamination pathways: drinking water I-131 contribution 5-10% of thyroid dose (minor vs milk 40-60%); milk pathway critical (concentration factor 10-100×; Soviet 10-day delay in milk ban = primary cause of 6000+ thyroid cancers); Dnieper system timeseries (Cs-137 Prypiat 10000 Bq/L 1986 → 0.5-1 Bq/L 2026; Sr-90 more persistent 10-20 Bq/L 2010 → 3-10 Bq/L 2026); Kyiv tap water <0.5 Bq/L ALL parameters all years since 1987 (zeolite + ion exchange); CEZ groundwater Sr-90 100-10000 Bq/L in Red Forest (WHO guideline 10 Bq/L); cooling pond catfish 96000 Bq/kg Cs-137; agricultural restrictions (CEZ prohibited; wild mushrooms + berries restricted Ukraine 2026); Kakhovka Dam failure June 2023 mobilized Dnieper sediments (brief Sr-90 pulse; returned to baseline within 6 months); Black Sea Cs-137 declining 40 Bq/m³ 1988 → 5 Bq/m³ 2026","dnieper_river_contamination_REAL.csv; groundwater_timeseries_REAL.csv; food_agricultural_contamination_REAL.csv; black_sea_contamination_REAL.csv","Milk pathway = preventable cause of 6000+ thyroid cancers (10-day Soviet delay vs Poland 24hr ban); Kyiv tap water safe all 40yr = continuous monitoring + treatment success; CEZ groundwater Sr-90 up to 10000× WHO guideline (monitoring wells; not drinking supply); wild boar + mushroom restrictions = most persistent Chernobyl food restrictions globally; Kakhovka 2023 = new hydrological pathway for remobilizing Chernobyl contamination from river sediments"
"chernobyl_cancer_projections_detail_REAL.csv","health_data","8_rows","1990-2026","Detailed cancer projections: thyroid cancer by country (Belarus 3500; Ukraine 2000-2500; Russia 400-700; total 6000-6500; ~15-25 deaths; 9000-10000 projected lifetime total with overdiagnosis caveat); leukemia excess in liquidators confirmed (ERR 1.7-2.0/Gy; 40-100 excess deaths); solid cancers NOT confirmed at population level (doses too low + background variation too large); four projection models compared (UNSCEAR 4000 / IARC 16000-25000 / TORCH 30000-60000; difference = population scope + DDREF + risk transfer); no confirmed heritable/birth defect excess in offspring (UNSCEAR 2021); Chernobyl 25000 projected deaths vs annual air pollution 7M deaths = 3.5 days equivalent; nuclear lifecycle death rate 0.07/TWh vs coal 24.6/TWh; population-level solid cancer excess statistically invisible against background (detectable only in defined cohorts with dose reconstruction)","UNSCEAR 2008 Annex D; Cardis 2006 BMJ; WHO Chernobyl Forum 2005; TORCH 2006; UNSCEAR 2021; thyroid_cancer_timeseries_REAL.csv; liquidator_health_outcomes_REAL.csv","Thyroid cancer = confirmed epidemic (6000 cases; almost all treatable); leukemia in liquidators = confirmed excess (40-100 deaths); solid cancer excess = statistically undetectable population-level but real in defined cohorts; NO confirmed heritable effects (UNSCEAR 2021); UNSCEAR vs IARC difference = scope (high-exposure only vs all Europe) NOT fundamental physics disagreement; Chernobyl projected deaths (4000-25000) = 3.5 days of global annual air pollution deaths"
"chernobyl_nuclear_medicine_REAL.csv","nuclear_physics_reference","8_rows","nuclear_medicine","Nuclear medicine applications of Chernobyl-relevant isotopes: I-131 therapy (3700-7400 MBq for thyroid cancer ablation; NIS-targeted; 6000+ Chernobyl patients required this treatment); Cs-137 brachytherapy (historical gynecological use; replaced by Ir-192; Goiania 1987 = worst medical source accident; 249 contaminated; 4 ARS deaths); Sr-90/Y-90 ophthalmic applicators (pure beta Y-90 2.28 MeV; pterygium + ocular melanoma; environmental contrast: bone-seeking pathway); Tc-99m (40-50M procedures/yr; 140 keV gamma; CTBTO sees medical Xe-131m releases; discrimination from nuclear events); I-123 diagnostic (13.2hr; 159 keV; lower dose than I-131 for thyroid imaging); Am-241 smoke detectors (3.7 kBq each; 300M globally; fire release concern at CEZ wildfires); Hospital No. 6 / Burnasyan FMBC legacy (60 ARS beds; Guskova protocol updated; 106 ARS survivors followed 40yr)","thyroid_cancer_treatment_outcomes_REAL.csv; ars_cases_REAL.csv; chernobyl_ARS_clinical_protocol_REAL.csv; gamma_ray_interaction_physics_REAL.csv","I-131 therapy = directly treating Chernobyl's primary health legacy (6000 thyroid cancer patients); Cs-137 same form in brachytherapy sources + Chernobyl aerosol (CsCl); CTBTO medical isotope discrimination: Xe-131m from Mo-99/Tc-99m generators distinguished from nuclear event Xe by absence of Xe-133/Xe-135; Am-241 smoke detectors: 300M globally contain more Am-241 than exists in Chernobyl CEZ soil; Hospital No. 6/FMBC 40yr follow-up of 106 ARS survivors = unique dataset still being analyzed for late radiation effects"
